,date,number,time,latitude,longitude,depth,magnitude,type,place
54,2011-05-19,11973,20:15:22,39.1328,29.081999999999997,24.46,5.9,Mw,Kutahya
491,1925-08-07,699,06:46:37,38.1,29.8,20.0,5.9,MS,Denizli
431,1939-11-21,1115,08:49:03,39.82,39.71,80.0,5.9,MS,Erzincan
346,1957-04-26,1638,06:33:40,36.22,28.87,50.0,5.9,MS,Balikesir
417,1941-11-12,1179,10:04:59,39.74,39.43,70.0,5.9,MS,Erzincan
343,1957-05-26,1644,09:36:39,40.76,30.81,10.0,5.9,MS,Sakarya
245,1971-05-12,3289,06:25:15,37.56,29.747,26.8,5.9,MS,Burdur
409,1942-12-11,1202,02:39:18,40.76,34.83,40.0,5.9,MS,Corum
387,1946-05-31,1267,03:12:50,39.29,41.21,60.0,5.9,MS,Mus
468,1930-09-11,895,12:36:51,37.39,31.18,80.0,5.9,MS,Isparta
456,1934-11-12,1009,07:19:19,38.54,41.0,50.0,5.9,MS,Diyarbakir
495,1924-11-20,667,20:27:45,38.55,30.78,10.0,5.9,MS,Balikesir
234,1975-03-17,3812,05:35:16,40.475,26.118000000000002,2.0,5.9,MS,Edirne
334,1959-04-25,1725,00:26:45,36.94,28.58,30.0,5.9,MS,Mugla
206,1979-05-28,4409,09:27:33,36.46,31.72,111.0,5.9,Mw,Balikesir
327,1960-01-26,1757,09:52:15,40.19,38.75,20.0,5.9,MS,Giresun
155,1992-03-15,7000,16:16:23,39.519,39.961999999999996,7.0,5.9,Mw,Tunceli
109,2002-02-03,9373,09:26:45,38.667,30.919,11.0,5.8,Mw,Balikesir
124,1999-09-13,8675,11:55:30,40.7327,30.0169,17.8,5.8,Mw,Kocaeli
205,1979-06-14,4415,11:44:46,38.794000000000004,26.607,14.8,5.8,Mw,Izmir
48,2011-10-23,12096,10:56:48,38.7825,43.3633,19.92,5.8,Ml,Van
79,2005-10-20,10333,21:40:00,38.15,26.67,15.0,5.8,Mw,Izmir
179,1986-06-06,5874,10:39:50,38.005,37.912,21.9,5.8,Mw,Malatya
212,1977-10-05,4177,05:34:46,40.992,33.568000000000005,16.1,5.8,Mw,Cankiri
371,1951-04-08,1394,21:38:13,36.58,35.85,50.0,5.8,MS,Balikesir
81,2005-10-17,10314,09:46:57,38.172,26.728,7.3,5.8,Mw,Izmir
424,1940-12-20,1156,05:18:00,38.3,38.3,10.0,5.8,MS,Malatya
3,2019-09-26,0,10:59:25,40.8818,28.214000000000002,7.97,5.8,Mw,Istanbul
368,1952-01-03,1409,06:03:55,39.95,41.67,40.0,5.8,MS,Erzurum
88,2005-01-25,10103,16:44:13,37.66,43.707,15.3,5.8,Mw,Hakkari
342,1957-05-27,1648,11:01:35,40.73,30.95,50.0,5.8,MS,Duzce
86,2005-03-14,10146,01:55:58,39.3872,40.988,10.0,5.8,Mw,Bingol
240,1971-07-11,3372,20:12:56,37.16,36.832,7.1,5.8,MS,Gaziantep
487,1926-01-13,709,01:47:04,38.64,28.11,50.0,5.8,MS,Manisa
143,1995-12-05,7616,18:49:32,39.475,40.146,13.9,5.8,Mw,Tunceli
383,1948-04-30,1315,14:50:52,36.05,31.14,80.0,5.8,MS,Balikesir
117,1999-12-03,8778,17:06:55,40.5477,42.3559,10.0,5.7,Mw,Erzurum
198,1979-12-31,4481,06:21:36,36.22,31.49,93.0,5.7,Mw,Balikesir
459,1933-07-19,991,20:07:10,38.19,29.79,40.0,5.7,MS,Denizli
104,2003-07-06,9741,19:10:29,40.445,26.074,15.0,5.7,Mw,Edirne
72,2007-02-21,10706,11:05:27,38.36,39.3,6.0,5.7,Mw,Elazig
67,2007-12-20,10947,09:48:30,39.411,33.156,13.2,5.7,Mw,Ankara
137,1997-01-22,7972,17:57:22,36.207,35.957,20.9,5.7,Mw,Hatay
39,2011-11-09,12242,19:23:34,38.4382,43.2825,21.47,5.7,Mw,Van
429,1939-12-28,1121,03:25:28,40.47,37.0,40.0,5.7,MS,Tokat
141,1996-08-14,7781,01:55:06,40.698,35.29,25.7,5.7,Mw,Corum
486,1926-01-13,710,08:08:44,38.53,28.19,10.0,5.7,MS,Manisa
474,1928-10-04,830,11:14:08,40.22,33.67,10.0,5.7,MS,Kirikkale
482,1926-12-16,740,17:54:05,40.13,30.72,10.0,5.7,MS,Balikesir
107,2003-04-10,9663,00:40:17,38.226,26.918000000000003,14.1,5.7,Mw,Izmir
391,1945-10-26,1256,13:56:51,41.54,33.29,50.0,5.7,MS,Kastamonu
279,1969-03-23,2706,21:08:44,39.123000000000005,28.491,15.2,5.6,MS,Manisa
99,2004-03-25,9880,19:30:50,39.867,40.864000000000004,20.0,5.6,Mw,Erzurum
66,2007-12-26,10951,23:47:11,39.424,33.11,14.6,5.6,Mw,Ankara
433,1939-09-15,1112,23:16:00,39.75,30.25,35.0,5.6,MS,Satilmisoglu Mahallesi
84,2005-06-06,10208,07:41:30,39.3445,41.0278,13.8,5.6,Mw,Bingol
177,1986-10-11,5948,09:00:13,37.941,28.557,12.6,5.6,Mw,Aydin
85,2005-03-23,10156,21:44:54,39.399,40.871,17.1,5.6,Mw,Bingol
257,1970-04-19,3023,13:29:37,38.982,29.767,14.8,5.6,MS,Kutahya
87,2005-03-12,10141,07:36:13,39.356,40.952,19.6,5.6,Mw,Bingol
98,2004-03-28,9885,03:51:08,39.93,40.83,10.0,5.6,Mw,Erzurum
467,1930-12-10,906,10:31:29,39.72,39.24,30.0,5.6,MS,Erzincan
452,1936-05-01,1041,10:24:44,39.6,43.1,10.0,5.6,MS,Agri
394,1945-03-02,1248,10:39:44,41.2,33.4,10.0,5.6,MS,Kastamonu
140,1996-08-14,7783,02:59:43,40.76,35.328,16.4,5.6,Mw,Amasya
425,1940-10-18,1155,12:25:41,39.6,42.2,15.0,5.6,MS,Erzurum
422,1941-04-27,1161,13:01:00,40.0,35.5,35.0,5.6,MS,Yozgat
381,1948-11-13,1336,04:44:50,40.23,29.02,60.0,5.6,MS,Bursa
427,1940-04-13,1134,06:29:15,40.04,35.2,30.0,5.6,MS,Yozgat
384,1947-12-09,1300,23:40:03,36.52,34.34,10.0,5.6,MS,Mersin
365,1952-10-22,1434,17:00:48,37.25,35.65,70.0,5.6,MS,Adana
213,1977-06-01,4120,12:54:50,36.217,31.331999999999997,66.5,5.6,Mw,Balikesir
60,2010-03-08,11718,07:47:38,38.7518,40.0418,15.15,5.6,Mw,Elazig
121,1999-11-11,8714,14:41:26,40.7425,30.2422,17.9,5.6,Mw,Kocaeli
463,1931-07-12,922,22:24:00,39.5,26.0,35.0,5.6,MS,Canakkale
43,2011-10-25,12163,14:55:06,38.823,43.5857,17.44,5.6,Mw,Van
92,2004-08-11,9986,15:48:23,38.37,39.22,10.0,5.6,Mw,Elazig
414,1942-06-16,1187,05:42:34,40.8,27.8,20.0,5.6,MS,Tekirdag
49,2011-09-22,12071,03:22:33,39.6597,38.6777,7.18,5.6,Mw,Erzincan
192,1981-04-26,4783,14:13:29,36.547,30.685,72.8,5.6,Mw,Balikesir
114,2000-11-15,8995,15:05:39,38.4509,42.903999999999996,55.5,5.5,Mw,Van
167,1989-04-28,6426,13:30:21,36.995,28.101,20.8,5.5,Mw,Mugla
163,1990-07-18,6648,11:29:29,37.025999999999996,29.531,40.4,5.5,Mw,Burdur
269,1970-03-20,2907,08:50:04,36.9,33.5,33.0,5.5,mb,Mersin
276,1969-04-06,2734,03:49:35,38.467,26.444000000000003,15.2,5.5,MS,Izmir
95,2004-08-04,9971,03:01:08,36.8603,27.7535,10.0,5.5,Mw,Mugla
412,1942-10-28,1198,02:41:53,39.46,27.79,10.0,5.5,MS,Balikesir
102,2003-07-13,9753,01:48:23,38.3222,39.0356,10.0,5.5,Mw,Malatya
150,1994-05-24,7343,02:05:38,38.734,26.553,17.5,5.5,Mw,Izmir
418,1941-11-08,1178,12:16:00,39.7,39.7,10.0,5.5,MS,Erzincan
168,1989-04-27,6423,23:06:55,37.016,28.153000000000002,18.7,5.5,Mw,Mugla
430,1939-12-27,1117,02:48:34,39.99,38.14,50.0,5.5,MS,Sivas
233,1975-03-27,3818,05:15:07,40.422,26.147,3.3,5.5,mb,Edirne
450,1936-06-14,1044,17:01:37,36.64,35.85,70.0,5.5,MS,Adana
388,1946-02-21,1262,15:43:12,38.24,31.79,60.0,5.5,MS,Konya
484,1926-03-17,714,13:20:00,37.0,35.0,10.0,5.5,MS,Mersin
476,1928-07-15,823,09:33:33,38.05,27.32,10.0,5.5,MS,Izmir
397,1944-09-30,1241,04:13:19,41.11,34.87,10.0,5.5,MS,Corum
320,1963-03-11,1859,07:27:24,37.96,29.14,40.0,5.5,MS,Denizli
469,1930-05-06,871,07:03:20,37.21,44.57,10.0,5.5,MS,Hakkari
46,2011-10-23,12101,11:32:40,38.7778,43.3947,22.61,5.5,Mw,Van
398,1944-06-25,1235,06:57:49,38.97,29.87,40.0,5.5,MS,Kutahya
171,1988-06-25,6246,16:15:35,38.451,43.083999999999996,15.0,5.5,Mw,Van
399,1944-04-05,1232,04:40:43,40.84,31.12,10.0,5.5,MS,Duzce
15,2017-03-02,0,11:07:25,37.5955,38.4866,9.76,5.5,Mw,Adiyaman
188,1983-10-30,5334,12:40:23,40.366,42.196999999999996,7.6,5.5,Mw,Erzurum
242,1971-05-25,3347,05:43:26,39.025999999999996,29.73,11.8,5.5,MS,Kutahya
480,1927-06-05,755,08:24:56,36.19,31.08,10.0,5.5,MS,Balikesir
241,1971-06-29,3365,09:08:14,37.133,36.856,40.8,5.5,MS,Gaziantep
237,1972-03-14,3448,14:05:48,39.325,29.497,41.4,5.5,MS,Kutahya
255,1970-04-19,3025,13:47:35,38.986,29.829,17.6,5.5,MS,Kutahya
183,1984-09-18,5569,13:26:03,40.885,42.238,10.0,5.5,Mw,Erzurum
173,1988-04-20,6214,03:50:05,39.066,44.115,15.0,5.5,Mw,Van
411,1942-11-21,1200,14:01:53,40.82,34.44,80.0,5.5,MS,Corum
351,1956-01-06,1571,12:15:45,40.39,26.29,10.0,5.5,MS,Canakkale
407,1943-06-20,1209,16:47:57,40.84,30.73,10.0,5.5,MS,Sakarya
405,1943-11-20,1215,10:01:59,36.55,28.36,35.0,5.5,MS,Balikesir
73,2007-02-09,10694,02:22:58,38.321999999999996,39.101,9.7,5.5,Mw,Malatya
435,1939-08-03,1109,12:32:55,39.75,29.68,50.0,5.5,MS,Kutahya
5,2019-03-20,0,06:34:27,37.4401,29.4335,10.76,5.5,Mw,Denizli
82,2005-10-17,10308,05:45:20,38.1336,26.6723,17.9,5.5,Mw,Izmir
1,2020-01-22,0,19:22:16,39.0488,27.8443,10.35,5.4,Mw,Manisa
353,1954-03-28,1514,04:47:52,39.03,40.97,10.0,5.4,MS,Bingol
246,1971-02-23,3264,19:41:24,39.623000000000005,27.343000000000004,10.4,5.4,MS,Balikesir
170,1989-02-19,6371,14:28:50,37.007,28.163,23.3,5.4,Mw,Mugla
314,1964-10-06,1968,14:29:59,40.186,28.153000000000002,28.1,5.4,mb,Bursa
151,1994-01-28,7292,15:45:28,38.681999999999995,27.529,16.5,5.4,Mw,Manisa
363,1953-03-18,1455,21:18:10,39.96,27.59,30.0,5.4,MS,Balikesir
199,1979-12-28,4479,03:09:09,37.493,35.845,44.0,5.4,Mw,Adana
191,1982-03-27,5015,19:57:25,39.218,41.876999999999995,35.0,5.4,mb,Erzurum
415,1942-02-05,1184,01:15:59,38.84,27.74,10.0,5.4,MS,Manisa
189,1983-10-21,5324,20:34:49,40.108000000000004,29.401999999999997,4.7,5.4,Mw,Bursa
186,1983-11-18,5365,01:15:36,39.753,39.468,17.9,5.4,Mw,Erzincan
413,1942-10-28,1196,00:31:52,39.27,28.19,10.0,5.4,MS,Balikesir
164,1990-04-20,6627,23:30:08,39.996,40.047,39.9,5.4,Mw,Erzincan
410,1942-12-02,1201,19:04:27,41.04,34.88,20.0,5.4,MS,Corum
166,1989-05-20,6441,20:44:04,39.616,40.185,39.3,5.4,Mw,Erzincan
182,1984-10-18,5586,09:46:24,40.71,42.448,35.0,5.4,Mw,Erzurum
367,1952-03-19,1414,01:27:28,39.6,28.64,40.0,5.4,MS,Balikesir
100,2003-07-26,9761,08:36:52,38.051,28.901999999999997,22.3,5.4,Mw,Denizli
447,1936-11-18,1059,15:50:14,41.25,33.33,10.0,5.4,MS,Kastamonu
37,2011-11-30,12282,00:47:21,38.47,43.2905,19.79,5.4,Mw,Van
105,2003-05-03,9680,11:22:41,36.897,31.516,128.7,5.4,Mw,Antalya
77,2005-12-10,10389,00:09:51,39.361999999999995,40.926,15.9,5.4,Mw,Bingol
289,1967-07-30,2375,01:31:02,40.696999999999996,30.549,14.7,5.4,mb,Sakarya
112,2001-07-10,9170,21:42:10,39.818000000000005,41.629,35.0,5.4,Mw,Erzurum
113,2001-06-25,9154,13:28:49,37.181999999999995,36.213,13.6,5.4,Mw,Osmaniye
116,2000-04-21,8878,12:23:11,37.856,29.355999999999998,29.2,5.4,Mw,Denizli
90,2005-01-10,10073,23:48:53,36.867,27.888,32.1,5.4,Mw,Mugla
445,1937-05-23,1064,10:57:30,38.69,27.78,10.0,5.4,MS,Manisa
298,1966-08-20,2226,12:01:43,39.165,40.762,18.7,5.4,mb,Bingol
332,1959-07-26,1737,17:07:06,40.91,27.54,10.0,5.4,MS,Tekirdag
52,2011-06-23,12016,07:34:43,38.5562,39.6307,13.42,5.4,Mw,Elazig
489,1925-09-01,704,08:16:30,37.56,29.17,130.0,5.4,MS,Denizli
494,1924-12-22,669,17:49:42,39.6,27.7,15.0,5.4,MS,Balikesir
129,1999-04-06,8413,00:08:25,39.368,38.231,15.7,5.4,Mw,Sivas
130,1998-07-04,8218,02:15:49,36.846,35.238,37.3,5.4,Mw,Adana
345,1957-05-26,1641,08:54:51,40.6,30.74,40.0,5.4,MS,Sakarya
318,1963-04-22,1864,15:38:23,41.37,38.75,60.0,5.4,MS,Balikesir
196,1980-08-02,4584,00:52:00,38.93,27.42,10.0,5.3,mb,Izmir
202,1979-08-22,4445,20:12:48,35.909,27.416,81.4,5.3,Mw,Balikesir
400,1944-02-10,1228,12:05:27,41.0,32.3,10.0,5.3,MS,Bolu
204,1979-06-16,4419,18:42:01,38.694,26.684,15.7,5.3,Mw,Izmir
203,1979-07-18,4433,13:12:03,39.649,28.697,4.4,5.3,Mw,Balikesir
329,1959-11-19,1746,14:01:32,38.89,26.65,10.0,5.3,MS,Izmir
253,1970-04-23,3047,09:01:29,39.124,28.671,35.0,5.3,MS,Kutahya
194,1980-10-18,4603,03:14:10,39.91,40.31,37.0,5.3,MS,Erzincan
40,2011-11-08,12241,22:05:50,38.7192,43.0778,8.36,5.3,Mw,Van
47,2011-10-23,12097,11:00:29,38.7335,43.1312,7.48,5.3,Ml,Van
462,1932-03-15,931,07:44:17,39.7,44.0,15.0,5.3,MS,Agri
457,1934-06-19,1004,18:43:16,37.86,31.13,50.0,5.3,MS,Isparta
252,1970-04-24,3050,03:33:39,39.01,29.7,44.0,5.3,mb,Kutahya
210,1977-12-16,4212,07:37:30,38.368,27.211,21.2,5.3,mb,Izmir
499,1924-05-13,651,01:52:33,40.0,42.0,30.0,5.3,MS,Erzurum
316,1964-01-30,1883,17:45:58,37.400999999999996,29.930999999999997,56.2,5.3,mb,Burdur
244,1971-05-12,3292,10:10:38,37.525999999999996,29.749000000000002,29.8,5.3,mb,Burdur
227,1976-08-15,4001,18:56:46,37.842,28.7708,11.0,5.3,mb,Denizli
16,2017-02-12,0,13:48:16,39.5336,26.17,7.0,5.3,Mw,Canakkale
377,1949-08-17,1355,20:38:00,39.6,40.6,10.0,5.3,MS,Erzincan
379,1949-04-25,1346,23:09:21,38.27,38.99,80.0,5.3,MS,Malatya
19,2017-02-06,0,10:58:02,39.5303,26.1351,8.72,5.3,Mw,Canakkale
20,2017-02-06,0,03:51:40,39.5495,26.136999999999997,14.16,5.3,Mw,Canakkale
22,2015-12-02,0,23:27:07,39.260999999999996,40.217,10.66,5.3,Mw,Bingol
321,1962-09-04,1847,22:59:22,39.96,44.13,40.0,5.3,MS,Igdir
302,1966-08-19,2216,13:15:13,39.41,41.3,62.0,5.3,MS,Erzurum
216,1977-01-17,4079,05:19:23,39.226,43.648999999999994,15.8,5.3,MS,Agri
249,1970-09-03,3177,05:32:09,39.575,38.809,9.3,5.3,MS,Erzincan
56,2010-11-03,11860,02:51:26,40.425,26.2214,10.0,5.3,Mw,Canakkale
27,2014-05-24,0,09:31:18,40.3951,26.3058,6.98,5.3,Mw,Canakkale
479,1928-01-24,780,07:36:12,40.99,30.86,10.0,5.3,MS,Sakarya
331,1959-09-10,1740,13:59:23,39.64,41.73,70.0,5.3,MS,Erzurum
500,1924-01-22,644,11:05:44,39.51,28.4,80.0,5.3,MS,Balikesir
254,1970-04-19,3026,13:50:27,39.6,30.7,33.0,5.3,MS,Balikesir
169,1989-02-24,6376,00:40:36,37.709,29.314,14.4,5.3,Mw,Denizli
352,1955-08-28,1564,13:39:24,37.4,27.16,20.0,5.3,MS,Aydin
146,1994-11-13,7402,06:56:04,36.955,29.053,20.0,5.3,Mw,Mugla
421,1941-05-23,1166,22:34:15,37.13,28.38,40.0,5.3,MS,Mugla
357,1953-06-03,1481,16:05:31,40.28,28.53,20.0,5.3,MS,Bursa
273,1969-09-10,2827,12:14:00,39.244,41.448,35.0,5.3,MS,Mus
419,1941-09-21,1176,22:40:31,37.5,28.29,70.0,5.3,MS,Mugla
115,2000-08-23,8945,13:41:29,40.787,30.781,15.3,5.3,Mw,Sakarya
159,1991-04-10,6786,01:08:45,37.299,36.116,42.3,5.3,Mw,Osmaniye
432,1939-10-19,1114,21:32:48,39.82,29.5,10.0,5.3,MS,Kutahya
161,1991-01-15,6741,21:01:05,37.1211,29.4809,1.0,5.3,mb,Burdur
108,2002-02-03,9378,11:39:59,38.562,31.083000000000002,31.0,5.3,Mw,Balikesir
267,1970-03-28,2912,21:12:10,39.5,30.3,33.0,5.3,MS,Kutahya
281,1969-03-03,2694,00:59:12,40.048,27.535999999999998,10.1,5.3,MS,Balikesir
93,2004-08-04,9977,14:18:52,36.885999999999996,27.78,24.2,5.3,Mw,Mugla
101,2003-07-23,9758,04:56:05,38.065,28.886,15.0,5.3,Mw,Denizli
333,1959-04-25,1726,01:05:47,36.92,28.6,40.0,5.3,MS,Mugla
402,1944-02-01,1226,21:24:00,41.4,32.7,10.0,5.3,MS,Karabuk
439,1939-01-02,1098,04:35:22,36.3,30.7,10.0,5.3,MS,Balikesir
91,2004-12-20,10055,23:02:17,36.95,28.345,28.3,5.3,Mw,Mugla
436,1939-08-02,1108,13:06:17,39.75,29.48,50.0,5.3,MS,Kutahya
175,1987-06-19,6064,18:45:43,36.777,28.159000000000002,76.1,5.3,Mw,Mugla
69,2007-10-29,10903,09:23:17,36.908,29.342,20.0,5.3,Mw,Burdur
70,2007-08-25,10834,22:05:49,39.248000000000005,41.122,12.5,5.3,Mw,Bingol
172,1988-04-24,6217,20:49:36,40.891999999999996,28.316999999999997,15.0,5.3,Mw,Istanbul
307,1966-03-07,2143,01:16:11,39.174,41.602,35.0,5.2,mb,Mus
348,1957-02-05,1631,17:20:33,36.37,28.88,60.0,5.2,MS,Mugla
243,1971-05-12,3293,12:57:23,37.524,29.668000000000003,11.1,5.2,MS,Burdur
309,1965-08-23,2077,14:08:57,40.436,26.136,16.0,5.2,mb,Edirne
355,1953-07-22,1487,15:09:38,39.24,28.43,10.0,5.2,MS,Balikesir
305,1966-05-04,2172,21:49:01,37.74,27.71,37.0,5.2,MS,Aydin
292,1967-07-22,2337,17:14:10,40.7,30.8,6.0,5.2,mb,Sakarya
350,1956-02-23,1578,06:04:37,39.76,30.17,60.0,5.2,MS,Balikesir
297,1966-09-25,2247,03:10:31,37.77,29.97,44.0,5.2,MS,Burdur
366,1952-10-22,1433,04:15:03,36.83,27.6,40.0,5.2,MS,Mugla
258,1970-04-16,3011,10:42:24,38.998000000000005,29.910999999999998,36.1,5.2,MS,Kutahya
275,1969-04-30,2755,20:20:34,39.14,28.546999999999997,14.5,5.2,MS,Balikesir
287,1968-02-19,2434,23:21:02,39.8,26.4,10.0,5.2,mb,Canakkale
336,1958-05-09,1687,02:40:57,36.61,27.6,67.0,5.2,MS,Mugla
301,1966-08-19,2217,13:54:27,38.999,41.75899999999999,35.0,5.2,mb,Mus
338,1957-12-26,1677,15:01:45,40.83,29.72,10.0,5.2,MS,Kocaeli
280,1969-03-04,2695,01:47:25,36.98,31.04,109.0,5.2,MS,Antalya
322,1961-11-28,1827,08:58:47,39.99,26.1,80.0,5.2,MS,Canakkale
296,1966-12-10,2264,17:08:33,41.09,33.56,13.0,5.2,MS,Kastamonu
326,1960-01-26,1758,13:05:46,37.0,28.93,72.0,5.2,MS,Mugla
266,1970-03-28,2921,23:11:43,39.15,29.56,31.0,5.2,MS,Kutahya
156,1991-12-05,6959,20:21:56,36.162,31.791999999999998,106.7,5.2,Mw,Balikesir
239,1971-09-09,3389,15:10:08,37.301,30.206,52.0,5.2,mb,Antalya
426,1940-04-22,1135,12:20:43,39.62,39.89,20.0,5.2,MS,Erzincan
428,1940-02-21,1128,00:50:00,38.4,35.3,10.0,5.2,MS,Kayseri
123,1999-09-29,8687,00:13:07,40.734,29.354,7.9,5.2,Mw,Yalova
122,1999-10-05,8693,00:53:29,36.739000000000004,28.226,19.0,5.2,Mw,Mugla
235,1974-02-01,3663,00:01:01,38.548,27.283,11.3,5.2,mb,Izmir
111,2001-10-31,9298,12:33:58,37.177,36.131,41.8,5.2,mb,Osmaniye
106,2003-04-17,9671,22:34:27,38.181,26.959,15.0,5.2,Mw,Izmir
103,2003-07-06,9742,20:10:18,40.443000000000005,26.039,15.0,5.2,Mw,Edirne
96,2004-08-03,9967,13:11:34,36.888000000000005,27.776999999999997,22.8,5.2,Mw,Mugla
94,2004-08-04,9974,04:19:48,36.876999999999995,27.802,12.0,5.2,Mw,Mugla
83,2005-07-30,10241,21:45:03,39.388000000000005,33.114000000000004,15.5,5.2,Mw,Ankara
80,2005-10-17,10315,09:55:32,38.152,26.730999999999998,17.8,5.2,Mw,Izmir
437,1939-07-25,1103,03:40:29,39.75,29.52,50.0,5.2,MS,Kutahya
62,2009-02-17,11412,05:28:19,39.1488,29.0448,7.0,5.2,Mw,Kutahya
453,1935-10-22,1031,07:29:43,40.31,27.21,10.0,5.2,MS,Canakkale
460,1932-12-26,970,19:03:05,36.9,34.73,60.0,5.2,MS,Mersin
38,2011-11-14,12261,22:08:14,38.7038,43.0833,23.32,5.2,Mw,Van
36,2012-03-26,12398,10:35:33,39.23,42.28,17.0,5.2,Mw,Mus
35,2012-05-03,12453,15:20:25,39.1245,29.11,10.59,5.2,Mw,Kutahya
32,2012-06-14,12507,05:52:51,37.1572,42.4437,11.68,5.2,Mw,Sirnak
478,1928-03-31,785,05:12:24,38.1,27.4,10.0,5.2,MS,Izmir
481,1927-02-07,744,06:04:36,39.0,31.0,15.0,5.2,MS,Afyonkarahisar
26,2014-09-04,0,21:00:03,36.172,30.9301,41.03,5.2,Mw,Balikesir
24,2015-10-06,0,21:27:34,36.1846,29.8853,34.23,5.2,Mw,Balikesir
483,1926-10-22,737,16:44:05,40.7,43.7,8.0,5.2,MS,Kars
18,2017-02-07,0,02:24:04,39.5205,26.151,6.24,5.2,Mw,Canakkale
7,2018-09-12,0,06:21:46,36.0535,31.2135,36.68,5.2,Mw,Balikesir
4,2019-04-04,0,17:31:07,38.3865,39.1205,8.92,5.2,Mw,Elazig
128,1999-07-25,8517,06:56:56,39.321,27.984,21.2,5.2,Mw,Balikesir
120,1999-11-12,8721,17:17:58,40.78,31.139,8.4,5.2,mb,Duzce
132,1998-04-13,8164,15:14:33,39.315,41.123000000000005,15.0,5.2,Mw,Bingol
149,1994-05-24,7344,02:18:36,38.739000000000004,26.575,17.3,5.2,mb,Izmir
369,1951-11-05,1407,13:43:54,36.0,29.0,10.0,5.2,MS,Balikesir
373,1950-11-08,1382,10:08:02,38.27,39.16,50.0,5.2,MS,Diyarbakir
375,1949-11-23,1362,16:51:05,38.75,26.36,60.0,5.2,MS,Izmir
376,1949-08-17,1356,20:45:32,39.58,40.57,60.0,5.2,MS,Erzincan
390,1945-11-20,1257,06:27:58,38.63,43.33,10.0,5.2,MS,Van
214,1977-03-25,4096,02:39:59,38.645,40.064,17.2,5.2,Mw,Elazig
392,1945-06-07,1251,01:20:41,41.17,33.25,10.0,5.2,MS,Kastamonu
396,1944-10-18,1245,12:54:05,40.89,33.47,10.0,5.2,MS,Cankiri
133,1998-04-04,8161,16:16:51,38.101,30.171,25.3,5.2,Mw,Balikesir
180,1985-11-07,5754,08:26:23,40.374,42.333999999999996,35.0,5.2,Mw,Kars
153,1993-08-26,7239,10:03:59,36.724000000000004,28.061999999999998,37.0,5.2,mb,Mugla
406,1943-11-15,1214,11:43:09,36.81,28.84,83.0,5.2,MS,Mugla
142,1995-12-05,7617,18:52:46,39.474000000000004,40.152,73.8,5.2,mb,Tunceli
420,1941-05-23,1167,23:00:48,37.22,28.35,48.0,5.2,MS,Mugla
135,1997-01-22,7975,18:27:37,36.177,35.897,61.3,5.2,mb,Hatay
138,1997-01-21,7971,20:47:49,38.106,29.008000000000003,17.2,5.2,Mw,Denizli
423,1941-01-09,1157,18:13:34,38.03,27.4,70.0,5.2,MS,Izmir
145,1995-01-29,7441,04:17:00,39.762,40.648,49.6,5.2,Mw,Erzurum
312,1965-03-26,2036,20:29:23,36.82,30.94,111.0,5.2,MS,Balikesir
356,1953-06-18,1482,05:44:12,41.8,26.55,30.0,5.1,MS,Edirne
340,1957-07-07,1661,05:58:58,39.37,40.46,60.0,5.1,MS,Bingol
339,1957-09-21,1666,20:16:59,40.75,34.02,40.0,5.1,MS,Cankiri
317,1963-07-26,1870,19:46:39,36.84,28.76,80.0,5.1,MS,Mugla
497,1924-09-13,659,20:45:08,40.24,41.94,10.0,5.1,MS,Erzurum
372,1950-11-28,1385,17:53:23,39.73,28.05,40.0,5.1,MS,Balikesir
490,1925-08-16,703,20:58:24,38.0,30.0,15.0,5.1,MS,Balikesir
319,1963-03-29,1861,03:09:18,40.29,26.15,50.0,5.1,MS,Canakkale
488,1925-12-18,708,02:28:42,37.4,30.4,15.0,5.1,MS,Burdur
344,1957-05-26,1642,09:13:59,41.34,30.7,100.0,5.1,MS,Balikesir
442,1938-05-31,1084,17:55:22,40.9,33.73,10.0,5.1,MS,Cankiri
401,1944-02-02,1227,03:33:17,40.74,31.44,40.0,5.1,MS,Bolu
378,1949-05-13,1347,20:14:07,40.94,32.71,20.0,5.1,MS,Karabuk
386,1946-07-16,1269,19:45:31,38.63,31.15,40.0,5.1,MS,Balikesir
434,1939-08-09,1111,23:43:51,39.91,29.81,60.0,5.1,MS,Bilecik
448,1936-09-21,1055,11:41:25,41.21,33.53,20.0,5.1,MS,Kastamonu
354,1954-03-23,1512,12:58:53,40.58,27.12,10.0,5.1,MS,Tekirdag
395,1945-01-15,1246,05:30:00,38.4,44.2,32.0,5.1,MS,Van
358,1953-05-02,1478,18:37:44,38.51,26.55,60.0,5.1,MS,Izmir
472,1930-02-08,860,05:20:18,38.52,39.4,100.0,5.1,MS,Elazig
337,1958-01-14,1678,13:34:49,39.48,40.41,60.0,5.1,MS,Bingol
0,2020-01-25,0,16:30:07,38.374,39.131,16.4,5.1,Mw,Elazig
250,1970-05-14,3088,07:56:06,39.02,29.1,38.0,5.1,mb,Kutahya
265,1970-03-28,2924,23:44:01,39.047,29.759,30.7,5.1,MS,Kutahya
58,2010-03-08,11722,11:12:10,38.7452,40.0342,11.75,5.1,Mw,Elazig
57,2010-03-24,11742,14:11:30,38.7713,40.0935,22.57,5.1,Mw,Elazig
223,1976-11-24,4038,12:30:39,39.12,44.0,10.0,5.1,mb,Van
226,1976-08-19,4005,01:12:40,37.735,29.014,14.2,5.1,MS,Denizli
53,2011-05-28,11997,05:47:17,39.1215,29.0408,23.02,5.1,Mw,Kutahya
229,1976-03-25,3939,11:55:00,41.01,42.97,25.0,5.1,MS,Ardahan
50,2011-07-25,12036,17:57:20,40.8195,27.7498,6.97,5.1,Mw,Tekirdag
45,2011-10-23,12122,18:10:44,38.629,43.192,19.81,5.1,Mw,Van
247,1970-12-30,3243,18:54:44,36.96,28.94,23.0,5.1,mb,Mugla
248,1970-11-11,3215,20:58:11,35.99,28.24,35.0,5.1,MS,Balikesir
42,2011-10-27,12195,08:04:22,37.3807,43.8343,21.61,5.1,Mw,Hakkari
41,2011-10-29,12210,22:24:22,38.9245,43.5438,16.67,5.1,Mw,Van
259,1970-04-07,2996,17:05:13,39.344,29.266,35.2,5.1,MS,Kutahya
260,1970-04-06,2992,08:12:23,39.19,28.54,33.0,5.1,mb,Balikesir
261,1970-04-02,2979,05:08:51,38.9,29.6,41.0,5.1,mb,Usak
63,2008-11-12,11348,14:03:18,38.834,35.536,10.0,5.1,Mw,Kayseri
68,2007-11-16,10922,09:08:26,36.909,29.383000000000003,20.0,5.1,Mw,Burdur
71,2007-04-10,10752,22:00:37,37.905,30.955,27.9,5.1,Mw,Isparta
165,1989-06-24,6455,03:09:59,36.745,35.944,46.4,5.1,Mw,Adana
134,1998-03-09,8149,11:21:20,35.983000000000004,28.41,60.3,5.1,Mw,Balikesir
154,1992-05-07,7042,19:15:05,38.717,40.126999999999995,17.4,5.1,Mw,Elazig
157,1991-10-06,6928,01:46:48,41.083,43.431999999999995,15.0,5.1,Mw,Ardahan
131,1998-05-09,8182,15:38:03,38.254,38.946999999999996,17.2,5.1,Mw,Malatya
158,1991-06-03,6866,10:22:43,40.077,42.842,35.0,5.1,Mw,Kars
160,1991-03-11,6769,18:33:44,37.032,30.965999999999998,112.1,5.1,Mw,Antalya
126,1999-08-19,8608,15:17:47,40.571,29.205,14.0,5.1,Mw,Yalova
197,1980-07-11,4559,12:33:33,38.536,40.84,56.3,5.1,mb,Diyarbakir
125,1999-08-31,8634,08:10:52,40.7064,29.8943,20.0,5.1,Mw,Kocaeli
110,2002-02-03,9372,07:14:39,38.721,30.886,35.0,5.1,mb,Balikesir
97,2004-07-01,9938,22:30:11,39.7808,43.9648,21.0,5.1,Mw,Igdir
78,2005-11-26,10383,15:56:59,38.211999999999996,38.859,23.0,5.1,Mw,Malatya
74,2007-01-21,10674,07:38:59,39.566,42.864,12.0,5.1,Mw,Agri
195,1980-10-04,4597,15:12:06,37.0,28.8,26.0,5.1,MS,Mugla
264,1970-03-29,2936,06:56:27,39.047,29.738000000000003,39.6,5.1,MS,Kutahya
139,1996-08-14,7784,03:01:06,40.345,35.202,16.4,5.1,mb,Corum
268,1970-03-28,2911,21:10:25,38.9,29.7,33.0,5.1,MS,Usak
30,2012-08-05,12548,20:37:21,37.4635,42.9798,12.94,5.1,Mw,Sirnak
291,1967-07-22,2340,17:48:06,40.66,30.62,26.0,5.1,MS,Sakarya
290,1967-07-22,2344,18:09:57,40.748000000000005,30.555,37.3,5.1,mb,Sakarya
293,1967-06-23,2327,10:06:54,40.830999999999996,33.611,5.4,5.1,mb,Cankiri
13,2017-05-27,0,15:53:23,38.7358,27.8156,11.03,5.1,Mw,Manisa
11,2017-08-08,0,07:42:21,36.9576,27.6236,11.03,5.1,Mw,Mugla
285,1968-06-11,2535,06:09:27,38.15,42.85,53.0,5.1,MS,Van
8,2018-04-24,0,00:34:29,37.5836,38.5036,9.79,5.1,Mw,Adiyaman
9,2017-11-24,0,21:49:14,37.1146,28.6045,24.46,5.1,Mw,Mugla
272,1969-10-07,2834,05:09:12,39.2,28.4,13.0,5.1,MS,Balikesir
311,1965-06-13,2065,20:01:52,37.778,29.314,36.6,5.1,mb,Denizli
306,1966-04-27,2168,19:48:51,38.14,42.52,28.0,5.1,MS,Bitlis
270,1970-01-26,2878,05:29:31,37.0,28.5,10.0,5.1,mb,Mugla
310,1965-06-28,2069,23:27:03,38.0,41.3,33.0,5.1,mb,Batman
271,1969-12-22,2861,04:47:47,40.6,34.2,33.0,5.1,mb,Corum
308,1965-08-31,2083,07:29:47,39.346,40.792,5.6,5.1,mb,Bingol
2,2019-10-03,0,04:44:56,36.3133,28.4983,18.74,5.0,Mw,Balikesir
438,1939-03-13,1101,03:36:45,36.0,29.0,15.0,5.0,MS,Balikesir
136,1997-01-22,7974,18:24:56,36.167,35.884,49.4,5.0,mb,Hatay
444,1937-05-29,1065,15:22:49,36.29,31.05,100.0,5.0,MS,Balikesir
443,1938-04-19,1078,23:11:18,39.65,33.87,30.0,5.0,MS,Kirikkale
441,1938-07-02,1088,12:26:46,40.17,27.88,10.0,5.0,MS,Balikesir
440,1938-07-21,1090,21:56:06,39.56,33.68,10.0,5.0,MS,Kirikkale
12,2017-07-21,0,17:09:48,36.941,27.331999999999997,37.5,5.0,Mw,Mugla
10,2017-11-22,0,20:22:51,37.1206,28.5921,24.75,5.0,Mw,Mugla
75,2006-10-24,10612,14:00:22,40.443000000000005,29.079,15.5,5.0,Mw,Bursa
498,1924-09-10,657,11:59:40,36.84,31.49,30.0,5.0,MS,Antalya
76,2006-07-02,10522,19:39:40,39.319,40.915,15.0,5.0,Mw,Bingol
492,1925-08-05,698,05:01:00,38.1,29.8,10.0,5.0,MS,Denizli
89,2005-01-11,10076,04:36:00,36.912,27.845,34.0,5.0,Mw,Mugla
493,1925-03-12,675,01:22:00,40.0,42.0,10.0,5.0,MS,Erzurum
65,2008-04-25,11053,04:48:57,37.804,29.32,12.3,5.0,Mw,Denizli
118,1999-11-16,8765,17:51:19,40.738,31.62,10.0,5.0,mb,Bolu
119,1999-11-12,8724,17:29:32,40.723,31.516,6.0,5.0,mb,Bolu
496,1924-09-27,665,04:27:42,39.92,41.47,10.0,5.0,MS,Erzurum
6,2019-02-20,0,18:23:28,39.6011,26.4261,5.8,5.0,Mw,Canakkale
127,1999-08-17,8548,00:16:28,40.711,29.910999999999998,10.0,5.0,mb,Kocaeli
446,1937-04-28,1063,02:36:50,35.91,30.94,100.0,5.0,MS,Balikesir
451,1936-05-02,1042,20:57:30,39.8,43.5,10.0,5.0,MS,Agri
64,2008-09-03,11149,02:22:48,37.445,38.58,5.2,5.0,Mw,Sanliurfa
464,1931-05-06,916,20:22:25,37.5,39.5,10.0,5.0,MS,Sanliurfa
33,2012-06-10,12494,12:49:36,36.4762,28.9295,26.85,5.0,Ml,Mugla
475,1928-10-03,829,00:57:08,40.47,33.42,70.0,5.0,MS,Cankiri
31,2012-06-25,12518,13:05:28,36.4422,28.9422,27.0,5.0,Mw,Mugla
34,2012-06-07,12491,20:54:25,40.854,27.9235,14.9,5.0,Mw,Tekirdag
473,1929-09-15,853,13:10:15,40.25,38.76,50.0,5.0,MS,Giresun
471,1930-04-09,867,05:07:46,39.7,34.0,10.0,5.0,MS,Kirikkale
470,1930-04-09,868,05:27:48,39.55,39.26,10.0,5.0,MS,Erzincan
44,2011-10-24,12150,15:28:06,38.693000000000005,43.1475,18.71,5.0,Mw,Van
29,2012-09-19,12600,09:17:46,37.2838,37.1398,22.35,5.0,Mw,Kahramanmaras
28,2013-12-08,0,17:31:57,36.692,31.256999999999998,65.0,5.0,Mw,Balikesir
25,2015-07-29,0,22:00:54,36.5646,35.0361,29.68,5.0,Mw,Adana
144,1995-10-01,7589,18:03:01,38.084,30.163,36.6,5.0,mb,Balikesir
465,1931-01-12,910,15:55:34,38.5,31.9,10.0,5.0,MS,Konya
23,2015-11-29,0,00:28:08,38.8401,37.836999999999996,22.41,5.0,Mw,Malatya
449,1936-08-12,1051,22:24:28,37.44,29.44,130.0,5.0,MS,Denizli
51,2011-06-27,12020,21:13:59,39.12,29.02,9.0,5.0,Mw,Kutahya
21,2016-01-10,0,17:40:48,39.564,34.358000000000004,13.6,5.0,Mw,Kirsehir
461,1932-12-07,969,07:55:46,36.71,27.33,60.0,5.0,MS,Mugla
485,1926-03-03,713,06:58:40,37.0,29.4,10.0,5.0,MS,Burdur
55,2010-11-11,11869,20:08:02,37.8579,27.3856,15.0,5.0,Mw,Aydin
458,1933-09-25,995,09:46:50,37.0,35.5,10.0,5.0,MS,Adana
17,2017-02-10,0,08:55:26,39.5236,26.1946,7.01,5.0,ML,Canakkale
14,2017-04-13,0,16:22:16,37.1533,28.647,11.33,5.0,Mw,Mugla
455,1935-08-18,1026,09:00:10,39.6,43.1,10.0,5.0,MS,Agri
454,1935-10-13,1029,19:32:22,39.35,40.52,40.0,5.0,MS,Bingol
59,2010-03-08,11721,10:14:23,39.7957,40.0477,4.91,5.0,Ml,Erzincan
61,2009-07-30,11555,07:37:53,39.5854,39.7483,13.7,5.0,Mw,Erzincan
477,1928-05-06,818,18:00:00,39.8,30.5,12.0,5.0,MS,Balikesir
466,1931-01-12,909,15:06:12,38.47,31.8,20.0,5.0,MS,Konya
313,1965-03-02,2007,22:00:09,38.451,28.285999999999998,41.0,5.0,mb,Manisa
147,1994-09-17,7383,02:24:43,37.843,41.576,35.0,5.0,mb,Batman
360,1953-03-24,1464,21:17:36,37.02,37.0,10.0,5.0,MS,Kilis
274,1969-09-06,2826,20:30:41,36.751999999999995,28.274,68.3,5.0,mb,Mugla
347,1957-04-25,1637,07:52:08,36.12,28.6,10.0,5.0,MS,Balikesir
349,1956-09-16,1619,18:07:44,35.91,25.97,40.0,5.0,MS,Balikesir
263,1970-03-30,2951,07:59:52,39.298,29.268,7.8,5.0,MS,Kutahya
262,1970-03-31,2968,07:30:30,39.12,29.16,43.0,5.0,mb,Kutahya
256,1970-04-19,3024,13:33:41,40.0,30.9,33.0,5.0,MS,Balikesir
359,1953-05-02,1476,05:41:56,38.48,26.67,40.0,5.0,MS,Izmir
361,1953-03-23,1461,05:22:48,39.37,41.28,50.0,5.0,MS,Erzurum
278,1969-03-23,2707,21:11:25,37.9,27.6,33.0,5.0,MS,Aydin
362,1953-03-19,1459,21:13:58,39.88,27.35,10.0,5.0,MS,Balikesir
251,1970-05-12,3086,07:41:06,38.6,29.3,33.0,5.0,mb,Usak
364,1953-03-18,1453,20:20:03,40.0,27.4,30.0,5.0,MS,Canakkale
238,1971-11-06,3413,19:43:51,39.046,29.744,30.9,5.0,mb,Kutahya
236,1972-04-26,3459,06:30:23,39.451,26.383000000000003,11.0,5.0,MS,Canakkale
232,1975-04-30,3833,04:28:59,36.266,30.769000000000002,62.2,5.0,MS,Balikesir
370,1951-09-15,1404,22:52:13,40.15,28.02,40.0,5.0,MS,Balikesir
277,1969-03-24,2708,01:59:35,39.094,28.498,30.2,5.0,MS,Manisa
341,1957-06-01,1657,05:26:59,40.75,30.86,50.0,5.0,MS,Duzce
148,1994-05-24,7345,03:35:34,38.736999999999995,26.478,9.1,5.0,mb,Izmir
295,1967-01-30,2276,12:25:04,39.41,41.49,76.0,5.0,MS,Erzurum
304,1966-05-07,2173,13:08:22,37.79,27.754,44.2,5.0,mb,Aydin
303,1966-05-09,2176,03:51:10,37.05,30.98,132.0,5.0,MS,Antalya
300,1966-08-19,2219,14:17:58,39.31,41.192,35.0,5.0,mb,Mus
323,1961-06-21,1812,16:04:51,37.87,28.77,60.0,5.0,MS,Denizli
324,1961-06-01,1810,16:31:44,37.65,36.76,40.0,5.0,MS,Kahramanmaras
325,1961-03-28,1805,00:44:12,39.82,30.19,10.0,5.0,MS,Balikesir
299,1966-08-20,2224,04:45:25,38.82,41.49,47.0,5.0,MS,Mus
328,1959-12-08,1749,09:35:18,36.91,29.07,70.0,5.0,MS,Mugla
282,1968-10-30,2627,16:51:36,37.971,38.586999999999996,2.8,5.0,mb,Adiyaman
294,1967-06-01,2310,10:39:24,36.825,29.331,39.9,5.0,mb,Mugla
330,1959-10-25,1744,15:57:59,39.25,41.63,50.0,5.0,MS,Erzurum
288,1967-10-26,2409,04:55:41,37.25,29.112,49.3,5.0,mb,Denizli
335,1959-01-26,1719,11:38:44,36.78,29.02,47.0,5.0,MS,Mugla
286,1968-03-28,2503,00:57:54,38.1,31.0,10.0,5.0,mb,Isparta
284,1968-09-24,2603,04:19:55,39.189,40.319,11.8,5.0,mb,Bingol
283,1968-09-25,2605,20:52:18,39.221,40.306999999999995,47.6,5.0,mb,Bingol
231,1975-09-06,3871,10:52:18,38.444,40.84,50.0,5.0,MS,Diyarbakir
230,1976-01-12,3922,22:41:51,38.61,43.2,56.0,5.0,MS,Van
374,1950-05-09,1372,09:20:10,38.24,38.32,70.0,5.0,MS,Malatya
184,1984-07-29,5543,01:58:43,40.418,26.000999999999998,12.1,5.0,mb,Balikesir
200,1979-09-12,4456,16:14:53,38.41,39.8,35.0,5.0,MS,Elazig
193,1981-01-20,4656,08:27:49,38.06,38.571,12.8,5.0,mb,Adiyaman
190,1983-04-06,5224,07:35:53,39.876999999999995,40.417,44.3,5.0,mb,Erzincan
187,1983-10-30,5335,13:48:16,40.3593,42.0106,3.0,5.0,mb,Erzurum
403,1944-02-01,1225,06:08:52,40.7,31.27,10.0,5.0,MS,Duzce
404,1944-01-02,1221,10:59:00,41.0,33.7,10.0,5.0,MS,Cankiri
185,1984-02-05,5420,00:20:21,37.234,28.678,32.5,5.0,mb,Mugla
315,1964-04-23,1912,14:23:47,38.09,38.75,57.0,5.0,mb,Malatya
228,1976-04-29,3950,22:18:10,40.926,42.869,35.0,5.0,MS,Ardahan
408,1943-04-14,1207,08:15:41,39.62,29.64,40.0,5.0,MS,Kutahya
178,1986-08-03,5913,01:33:27,37.169000000000004,37.161,48.8,5.0,mb,Gaziantep
176,1987-02-22,6016,06:51:47,38.416,40.495,38.5,5.0,mb,Diyarbakir
174,1987-09-03,6090,12:39:58,35.95,30.616999999999997,57.6,5.0,mb,Balikesir
162,1990-11-21,6716,14:02:48,37.0267,29.6006,19.0,5.0,mb,Burdur
416,1941-12-02,1181,05:02:56,37.5,41.0,10.0,5.0,MS,Mardin
152,1994-01-03,7281,21:00:35,36.993,35.83,42.5,5.0,mb,Adana
201,1979-08-23,4447,16:47:46,39.6877,28.5734,10.0,5.0,mb,Balikesir
207,1979-04-11,4394,12:14:27,39.12,43.91,44.0,5.0,MS,Van
208,1979-01-19,4370,23:36:58,39.91,39.6,11.0,5.0,MS,Gumushane
393,1945-03-08,1249,10:07:11,41.85,32.44,10.0,5.0,MS,Bartin
225,1976-09-05,4012,22:07:36,38.46,40.944,18.9,5.0,MS,Diyarbakir
224,1976-11-12,4028,09:55:32,38.47,26.71,6.0,5.0,MS,Izmir
380,1949-02-05,1342,00:28:22,39.89,29.35,40.0,5.0,MS,Bursa
222,1976-11-24,4041,13:18:09,39.09,43.71,49.0,5.0,MS,Van
382,1948-08-18,1327,19:06:12,38.51,39.25,10.0,5.0,MS,Elazig
221,1976-11-24,4044,15:04:05,39.18,43.71,46.0,5.0,MS,Van
220,1976-11-24,4045,15:11:03,38.977,44.153999999999996,10.0,5.0,mb,Van
385,1947-04-19,1287,17:39:15,37.8,43.31,40.0,5.0,MS,Van
219,1976-11-24,4048,20:46:07,39.08,44.13,55.0,5.0,MS,Van
218,1976-12-04,4065,04:10:36,39.31,43.66,53.0,5.0,MS,Agri
217,1977-01-02,4077,19:37:26,39.29,43.62,46.0,5.0,MS,Agri
389,1946-01-21,1261,11:25:32,41.05,33.48,60.0,5.0,MS,Cankiri
215,1977-02-24,4090,20:47:18,38.55,27.66,20.0,5.0,mb,Manisa
211,1977-11-03,4195,19:46:16,39.31,43.53,38.0,5.0,MS,Agri
209,1978-01-11,4222,03:57:45,37.48,28.86,5.0,5.0,MS,Denizli
181,1985-04-10,5674,08:35:08,36.8024,27.5379,20.0,5.0,mb,Mugla
