,date,latitude,longitude,depth,magnitude,type,place,year
0,2020-01-22,39.0488,27.8443,10.35,5.4,Mw,Manisa,2020
1,2020-01-24,38.3593,39.063,8.06,6.8,Mw,Elazig,2020
2,2020-01-25,38.374,39.131,16.4,5.1,Mw,Elazig,2020
3,2019-02-20,39.6011,26.4261,5.8,5.0,Mw,Canakkale,2019
4,2019-04-04,38.3865,39.1205,8.92,5.2,Mw,Elazig,2019
5,2019-10-03,36.3133,28.4983,18.74,5.0,Mw,Balikesir,2019
6,2019-09-26,40.8818,28.214,7.97,5.8,Mw,Istanbul,2019
7,2019-03-20,37.4401,29.4335,10.76,5.5,Mw,Denizli,2019
8,2019-08-08,37.851,29.584,10.92,6.0,Mw,Denizli,2019
9,2018-04-24,37.5836,38.5036,9.79,5.1,Mw,Adiyaman,2018
10,2018-09-12,36.0535,31.2135,36.68,5.2,Mw,Balikesir,2018
11,2017-02-07,39.5205,26.151,6.24,5.2,Mw,Canakkale,2017
12,2017-07-21,36.941,27.332,37.5,5.0,Mw,Mugla,2017
13,2017-04-13,37.1533,28.647,11.33,5.0,Mw,Mugla,2017
14,2017-02-10,39.5236,26.1946,7.01,5.0,ML,Canakkale,2017
15,2017-07-20,36.974,27.523000000000003,7.8,6.3,Mw,Mugla,2017
16,2017-05-27,38.7358,27.8156,11.03,5.1,Mw,Manisa,2017
17,2017-02-06,39.5495,26.137,14.16,5.3,Mw,Canakkale,2017
18,2017-02-06,39.5303,26.1351,8.72,5.3,Mw,Canakkale,2017
19,2017-11-22,37.1206,28.5921,24.75,5.0,Mw,Mugla,2017
20,2017-02-12,39.5336,26.17,7.0,5.3,Mw,Canakkale,2017
21,2017-11-24,37.1146,28.6045,24.46,5.1,Mw,Mugla,2017
22,2017-08-08,36.9576,27.6236,11.03,5.1,Mw,Mugla,2017
23,2017-03-02,37.5955,38.4866,9.76,5.5,Mw,Adiyaman,2017
24,2016-01-10,39.564,34.358000000000004,13.6,5.0,Mw,Kirsehir,2016
25,2015-12-02,39.261,40.217,10.66,5.3,Mw,Bingol,2015
26,2015-10-06,36.1846,29.8853,34.23,5.2,Mw,Balikesir,2015
27,2015-11-29,38.8401,37.837,22.41,5.0,Mw,Malatya,2015
28,2015-07-29,36.5646,35.0361,29.68,5.0,Mw,Adana,2015
29,2014-05-24,40.3951,26.3058,6.98,5.3,Mw,Canakkale,2014
30,2014-09-04,36.172,30.9301,41.03,5.2,Mw,Balikesir,2014
31,2013-12-08,36.692,31.257,65.0,5.0,Mw,Balikesir,2013
32,2013-12-28,36.048,31.332,43.6,6.0,ML,Erzurum,2013
33,2012-03-26,39.23,42.28,17.0,5.2,Mw,Mus,2012
34,2012-06-07,40.854,27.9235,14.9,5.0,Mw,Tekirdag,2012
35,2012-06-14,37.1572,42.4437,11.68,5.2,Mw,Sirnak,2012
36,2012-05-03,39.1245,29.11,10.59,5.2,Mw,Kutahya,2012
37,2012-08-05,37.4635,42.9798,12.94,5.1,Mw,Sirnak,2012
38,2012-06-10,36.36,28.93,30.0,6.1,Mw,Mugla,2012
39,2012-09-19,37.2838,37.1398,22.35,5.0,Mw,Kahramanmaras,2012
40,2012-06-25,36.4422,28.9422,27.0,5.0,Mw,Mugla,2012
41,2012-06-10,36.4762,28.9295,26.85,5.0,Ml,Mugla,2012
42,2011-10-23,38.629,43.192,19.81,5.1,Mw,Van,2011
43,2011-10-23,38.7778,43.3947,22.61,5.5,Mw,Van,2011
44,2011-09-22,39.6597,38.6777,7.18,5.6,Mw,Erzincan,2011
45,2011-10-29,38.9245,43.5438,16.67,5.1,Mw,Van,2011
46,2011-10-27,37.3807,43.8343,21.61,5.1,Mw,Hakkari,2011
47,2011-10-25,38.823,43.5857,17.44,5.6,Mw,Van,2011
48,2011-05-19,39.1328,29.082,24.46,5.9,Mw,Kutahya,2011
49,2011-07-25,40.8195,27.7498,6.97,5.1,Mw,Tekirdag,2011
50,2011-11-30,38.47,43.2905,19.79,5.4,Mw,Van,2011
51,2011-05-28,39.1215,29.0408,23.02,5.1,Mw,Kutahya,2011
52,2011-06-23,38.5562,39.6307,13.42,5.4,Mw,Elazig,2011
53,2011-11-08,38.7192,43.0778,8.36,5.3,Mw,Van,2011
54,2011-10-23,38.7335,43.1312,7.48,5.3,Ml,Van,2011
55,2011-06-27,39.12,29.02,9.0,5.0,Mw,Kutahya,2011
56,2011-11-14,38.7038,43.0833,23.32,5.2,Mw,Van,2011
57,2011-10-23,38.689,43.4657,19.02,7.1,Mw,Van,2011
58,2011-10-24,38.69300000000001,43.1475,18.71,5.0,Mw,Van,2011
59,2011-10-23,38.7825,43.3633,19.92,5.8,Ml,Van,2011
60,2011-11-09,38.4382,43.2825,21.47,5.7,Mw,Van,2011
61,2011-10-23,38.6447,43.1275,6.79,6.0,Mw,Van,2011
62,2010-03-08,38.77,40.07,5.0,6.1,Mw,Elazig,2010
63,2010-03-24,38.7713,40.0935,22.57,5.1,Mw,Elazig,2010
64,2010-03-08,39.7957,40.0477,4.91,5.0,Ml,Erzincan,2010
65,2010-11-03,40.425,26.2214,10.0,5.3,Mw,Canakkale,2010
66,2010-03-08,38.7452,40.0342,11.75,5.1,Mw,Elazig,2010
67,2010-11-11,37.8579,27.3856,15.0,5.0,Mw,Aydin,2010
68,2010-03-08,38.7518,40.0418,15.15,5.6,Mw,Elazig,2010
69,2009-02-17,39.1488,29.0448,7.0,5.2,Mw,Kutahya,2009
70,2009-07-30,39.5854,39.7483,13.7,5.0,Mw,Erzincan,2009
71,2008-04-25,37.804,29.32,12.3,5.0,Mw,Denizli,2008
72,2008-11-12,38.834,35.536,10.0,5.1,Mw,Kayseri,2008
73,2008-09-03,37.445,38.58,5.2,5.0,Mw,Sanliurfa,2008
74,2007-02-21,38.36,39.3,6.0,5.7,Mw,Elazig,2007
75,2007-01-21,39.566,42.864,12.0,5.1,Mw,Agri,2007
76,2007-11-16,36.909,29.383000000000006,20.0,5.1,Mw,Burdur,2007
77,2007-12-20,39.411,33.156,13.2,5.7,Mw,Ankara,2007
78,2007-04-10,37.905,30.955,27.9,5.1,Mw,Isparta,2007
79,2007-10-29,36.908,29.342,20.0,5.3,Mw,Burdur,2007
80,2007-02-09,38.322,39.101,9.7,5.5,Mw,Malatya,2007
81,2007-08-25,39.24800000000001,41.122,12.5,5.3,Mw,Bingol,2007
82,2007-12-26,39.424,33.11,14.6,5.6,Mw,Ankara,2007
83,2006-10-24,40.44300000000001,29.079,15.5,5.0,Mw,Bursa,2006
84,2006-07-02,39.319,40.915,15.0,5.0,Mw,Bingol,2006
85,2005-10-17,38.152,26.731,17.8,5.2,Mw,Izmir,2005
86,2005-03-14,39.3872,40.988,10.0,5.8,Mw,Bingol,2005
87,2005-10-17,38.1336,26.6723,17.9,5.5,Mw,Izmir,2005
88,2005-10-20,38.15,26.67,15.0,5.8,Mw,Izmir,2005
89,2005-07-30,39.38800000000001,33.114000000000004,15.5,5.2,Mw,Ankara,2005
90,2005-03-12,39.356,40.952,19.6,5.6,Mw,Bingol,2005
91,2005-01-25,37.66,43.707,15.3,5.8,Mw,Hakkari,2005
92,2005-01-11,36.912,27.845,34.0,5.0,Mw,Mugla,2005
93,2005-12-10,39.362,40.926,15.9,5.4,Mw,Bingol,2005
94,2005-03-23,39.399,40.871,17.1,5.6,Mw,Bingol,2005
95,2005-01-10,36.867,27.888,32.1,5.4,Mw,Mugla,2005
96,2005-06-06,39.3445,41.0278,13.8,5.6,Mw,Bingol,2005
97,2005-11-26,38.212,38.859,23.0,5.1,Mw,Malatya,2005
98,2005-10-17,38.172,26.728,7.3,5.8,Mw,Izmir,2005
99,2004-12-20,36.95,28.345,28.3,5.3,Mw,Mugla,2004
100,2004-08-04,36.8603,27.7535,10.0,5.5,Mw,Mugla,2004
101,2004-08-11,38.37,39.22,10.0,5.6,Mw,Elazig,2004
102,2004-03-25,39.867,40.864,20.0,5.6,Mw,Erzurum,2004
103,2004-03-28,39.93,40.83,10.0,5.6,Mw,Erzurum,2004
104,2004-08-04,36.886,27.78,24.2,5.3,Mw,Mugla,2004
105,2004-07-01,39.7808,43.9648,21.0,5.1,Mw,Igdir,2004
106,2004-08-04,36.877,27.802,12.0,5.2,Mw,Mugla,2004
107,2004-08-03,36.88800000000001,27.777,22.8,5.2,Mw,Mugla,2004
108,2003-07-26,38.051,28.902,22.3,5.4,Mw,Denizli,2003
109,2003-04-10,38.226,26.918000000000006,14.1,5.7,Mw,Izmir,2003
110,2003-01-27,39.496,39.841,15.1,6.0,Mw,Tunceli,2003
111,2003-07-23,38.065,28.886,15.0,5.3,Mw,Denizli,2003
112,2003-05-03,36.897,31.516,128.7,5.4,Mw,Antalya,2003
113,2003-07-06,40.44300000000001,26.039,15.0,5.2,Mw,Edirne,2003
114,2003-07-06,40.445,26.074,15.0,5.7,Mw,Edirne,2003
115,2003-04-17,38.181,26.959,15.0,5.2,Mw,Izmir,2003
116,2003-05-01,39.01,40.46,10.0,6.3,Mw,Bingol,2003
117,2003-07-13,38.3222,39.0356,10.0,5.5,Mw,Malatya,2003
118,2002-02-03,38.667,30.919,11.0,5.8,Mw,Balikesir,2002
119,2002-02-03,38.721,30.886,35.0,5.1,mb,Balikesir,2002
120,2002-02-03,38.562,31.083,31.0,5.3,Mw,Balikesir,2002
121,2002-02-03,38.527,31.221,5.0,6.5,Mw,Erzurum,2002
122,2001-07-10,39.81800000000001,41.629,35.0,5.4,Mw,Erzurum,2001
123,2001-06-25,37.182,36.213,13.6,5.4,Mw,Osmaniye,2001
124,2001-10-31,37.177,36.131,41.8,5.2,mb,Osmaniye,2001
125,2000-12-15,38.6081,31.1972,5.0,6.0,Mw,Erzurum,2000
126,2000-06-06,40.734,33.005,7.0,6.0,Mw,Cankiri,2000
127,2000-08-23,40.787,30.781,15.3,5.3,Mw,Sakarya,2000
128,2000-04-21,37.856,29.356,29.2,5.4,Mw,Denizli,2000
129,2000-11-15,38.4509,42.904,55.5,5.5,Mw,Van,2000
130,1999-11-12,40.723,31.516,6.0,5.0,mb,Bolu,1999
131,1999-10-05,36.739,28.226,19.0,5.2,Mw,Mugla,1999
132,1999-11-12,40.806,31.226,11.0,7.1,Mw,Duzce,1999
133,1999-11-11,40.7425,30.2422,17.9,5.6,Mw,Kocaeli,1999
134,1999-08-17,40.77,30.004,15.0,7.6,Mw,Kocaeli,1999
135,1999-11-16,40.738,31.62,10.0,5.0,mb,Bolu,1999
136,1999-11-12,40.78,31.139,8.4,5.2,mb,Duzce,1999
137,1999-04-06,39.368,38.231,15.7,5.4,Mw,Sivas,1999
138,1999-08-17,40.711,29.911,10.0,5.0,mb,Kocaeli,1999
139,1999-09-29,40.734,29.354,7.9,5.2,Mw,Yalova,1999
140,1999-07-25,39.321,27.984,21.2,5.2,Mw,Balikesir,1999
141,1999-08-19,40.571,29.205,14.0,5.1,Mw,Yalova,1999
142,1999-09-13,40.7327,30.0169,17.8,5.8,Mw,Kocaeli,1999
143,1999-12-03,40.5477,42.3559,10.0,5.7,Mw,Erzurum,1999
144,1999-08-31,40.7064,29.8943,20.0,5.1,Mw,Kocaeli,1999
145,1998-07-04,36.846,35.238,37.3,5.4,Mw,Adana,1998
146,1998-06-27,36.9358,35.3664,10.0,6.2,Mw,Adana,1998
147,1998-04-04,38.101,30.171,25.3,5.2,Mw,Balikesir,1998
148,1998-05-09,38.254,38.947,17.2,5.1,Mw,Malatya,1998
149,1998-04-13,39.315,41.12300000000001,15.0,5.2,Mw,Bingol,1998
150,1998-03-09,35.98300000000001,28.41,60.3,5.1,Mw,Balikesir,1998
151,1997-01-21,38.106,29.008000000000006,17.2,5.2,Mw,Denizli,1997
152,1997-01-22,36.177,35.897,61.3,5.2,mb,Hatay,1997
153,1997-01-22,36.167,35.884,49.4,5.0,mb,Hatay,1997
154,1997-01-22,36.207,35.957,20.9,5.7,Mw,Hatay,1997
155,1996-08-14,40.345,35.202,16.4,5.1,mb,Corum,1996
156,1996-08-14,40.698,35.29,25.7,5.7,Mw,Corum,1996
157,1996-08-14,40.76,35.328,16.4,5.6,Mw,Amasya,1996
158,1995-12-05,39.474,40.152,73.8,5.2,mb,Tunceli,1995
159,1995-01-29,39.762,40.648,49.6,5.2,Mw,Erzurum,1995
160,1995-10-01,38.084,30.163,36.6,5.0,mb,Balikesir,1995
161,1995-10-01,38.075,30.142,30.9,6.4,Mw,Erzurum,1995
162,1995-12-05,39.475,40.146,13.9,5.8,Mw,Tunceli,1995
163,1994-01-28,38.682,27.529,16.5,5.4,Mw,Manisa,1994
164,1994-11-13,36.955,29.053,20.0,5.3,Mw,Mugla,1994
165,1994-09-17,37.843,41.576,35.0,5.0,mb,Batman,1994
166,1994-05-24,38.737,26.478,9.1,5.0,mb,Izmir,1994
167,1994-05-24,38.734,26.553,17.5,5.5,Mw,Izmir,1994
168,1994-01-03,36.993,35.83,42.5,5.0,mb,Adana,1994
169,1994-05-24,38.739,26.575,17.3,5.2,mb,Izmir,1994
170,1993-08-26,36.724,28.062,37.0,5.2,mb,Mugla,1993
171,1992-05-07,38.717,40.127,17.4,5.1,Mw,Elazig,1992
172,1992-11-06,38.048,27.004,9.8,6.0,Mw,Izmir,1992
173,1992-03-13,39.72,39.632,22.2,6.6,Mw,Erzincan,1992
174,1992-03-15,39.519,39.962,7.0,5.9,Mw,Tunceli,1992
175,1991-03-11,37.032,30.966,112.1,5.1,Mw,Antalya,1991
176,1991-01-15,37.1211,29.4809,1.0,5.3,mb,Burdur,1991
177,1991-12-05,36.162,31.792,106.7,5.2,Mw,Balikesir,1991
178,1991-04-10,37.299,36.116,42.3,5.3,Mw,Osmaniye,1991
179,1991-10-06,41.083,43.432,15.0,5.1,Mw,Ardahan,1991
180,1991-06-03,40.077,42.842,35.0,5.1,Mw,Kars,1991
181,1990-04-20,39.996,40.047,39.9,5.4,Mw,Erzincan,1990
182,1990-11-21,37.0267,29.6006,19.0,5.0,mb,Burdur,1990
183,1990-07-18,37.026,29.531,40.4,5.5,Mw,Burdur,1990
184,1989-05-20,39.616,40.185,39.3,5.4,Mw,Erzincan,1989
185,1989-02-19,37.007,28.163,23.3,5.4,Mw,Mugla,1989
186,1989-02-24,37.709,29.314,14.4,5.3,Mw,Denizli,1989
187,1989-06-24,36.745,35.944,46.4,5.1,Mw,Adana,1989
188,1989-04-28,36.995,28.101,20.8,5.5,Mw,Mugla,1989
189,1989-04-27,37.016,28.153,18.7,5.5,Mw,Mugla,1989
190,1988-06-25,38.451,43.084,15.0,5.5,Mw,Van,1988
191,1988-04-20,39.066,44.115,15.0,5.5,Mw,Van,1988
192,1988-04-24,40.892,28.317,15.0,5.3,Mw,Istanbul,1988
193,1987-06-19,36.777,28.159,76.1,5.3,Mw,Mugla,1987
194,1987-02-22,38.416,40.495,38.5,5.0,mb,Diyarbakir,1987
195,1987-09-03,35.95,30.617,57.6,5.0,mb,Balikesir,1987
196,1986-10-11,37.941,28.557,12.6,5.6,Mw,Aydin,1986
197,1986-06-06,38.005,37.912,21.9,5.8,Mw,Malatya,1986
198,1986-05-05,38.001,37.783,4.1,6.0,Mw,Malatya,1986
199,1986-08-03,37.169,37.161,48.8,5.0,mb,Gaziantep,1986
200,1985-04-10,36.8024,27.5379,20.0,5.0,mb,Mugla,1985
201,1985-11-07,40.374,42.334,35.0,5.2,Mw,Kars,1985
202,1984-10-18,40.71,42.448,35.0,5.4,Mw,Erzurum,1984
203,1984-09-18,40.885,42.238,10.0,5.5,Mw,Erzurum,1984
204,1984-07-29,40.418,26.001,12.1,5.0,mb,Balikesir,1984
205,1984-02-05,37.234,28.678,32.5,5.0,mb,Mugla,1984
206,1983-07-05,40.311,27.256,10.0,6.1,Mw,Canakkale,1983
207,1983-10-21,40.108,29.402,4.7,5.4,Mw,Bursa,1983
208,1983-04-06,39.877,40.417,44.3,5.0,mb,Erzincan,1983
209,1983-10-30,40.331,42.173,15.0,6.6,Mw,Kars,1983
210,1983-10-30,40.366,42.197,7.6,5.5,Mw,Erzurum,1983
211,1983-10-30,40.3593,42.0106,3.0,5.0,mb,Erzurum,1983
212,1983-11-18,39.753,39.468,17.9,5.4,Mw,Erzincan,1983
213,1982-03-27,39.218,41.877,35.0,5.4,mb,Erzurum,1982
214,1981-04-26,36.547,30.685,72.8,5.6,Mw,Balikesir,1981
215,1981-01-20,38.06,38.571,12.8,5.0,mb,Adiyaman,1981
216,1980-10-04,37.0,28.8,26.0,5.1,MS,Mugla,1980
217,1980-10-18,39.91,40.31,37.0,5.3,MS,Erzincan,1980
218,1980-08-02,38.93,27.42,10.0,5.3,mb,Izmir,1980
219,1980-07-11,38.536,40.84,56.3,5.1,mb,Diyarbakir,1980
220,1979-06-14,38.794,26.607,14.8,5.8,Mw,Izmir,1979
221,1979-08-23,39.6877,28.5734,10.0,5.0,mb,Balikesir,1979
222,1979-12-28,37.493,35.845,44.0,5.4,Mw,Adana,1979
223,1979-05-28,36.46,31.72,111.0,5.9,Mw,Balikesir,1979
224,1979-01-19,39.91,39.6,11.0,5.0,MS,Gumushane,1979
225,1979-04-11,39.12,43.91,44.0,5.0,MS,Van,1979
226,1979-08-22,35.909,27.416,81.4,5.3,Mw,Balikesir,1979
227,1979-07-18,39.649,28.697,4.4,5.3,Mw,Balikesir,1979
228,1979-09-12,38.41,39.8,35.0,5.0,MS,Elazig,1979
229,1979-12-31,36.22,31.49,93.0,5.7,Mw,Balikesir,1979
230,1979-06-16,38.694,26.684,15.7,5.3,Mw,Izmir,1979
231,1978-01-11,37.48,28.86,5.0,5.0,MS,Denizli,1978
232,1977-02-24,38.55,27.66,20.0,5.0,mb,Manisa,1977
233,1977-01-02,39.29,43.62,46.0,5.0,MS,Agri,1977
234,1977-12-16,38.368,27.211,21.2,5.3,mb,Izmir,1977
235,1977-11-03,39.31,43.53,38.0,5.0,MS,Agri,1977
236,1977-03-25,38.645,40.064,17.2,5.2,Mw,Elazig,1977
237,1977-06-01,36.217,31.332,66.5,5.6,Mw,Balikesir,1977
238,1977-10-05,40.992,33.568000000000005,16.1,5.8,Mw,Cankiri,1977
239,1977-01-17,39.226,43.649,15.8,5.3,MS,Agri,1977
240,1976-11-24,39.08,44.029,8.6,7.0,Mw,Van,1976
241,1976-04-29,40.926,42.869,35.0,5.0,MS,Ardahan,1976
242,1976-11-24,39.12,44.0,10.0,5.1,mb,Van,1976
243,1976-09-05,38.46,40.944,18.9,5.0,MS,Diyarbakir,1976
244,1976-11-12,38.47,26.71,6.0,5.0,MS,Izmir,1976
245,1976-08-19,37.735,29.014,14.2,5.1,MS,Denizli,1976
246,1976-08-15,37.842,28.7708,11.0,5.3,mb,Denizli,1976
247,1976-11-24,39.09,43.71,49.0,5.0,MS,Van,1976
248,1976-11-24,39.18,43.71,46.0,5.0,MS,Van,1976
249,1976-11-24,38.977,44.154,10.0,5.0,mb,Van,1976
250,1976-11-24,39.08,44.13,55.0,5.0,MS,Van,1976
251,1976-12-04,39.31,43.66,53.0,5.0,MS,Agri,1976
252,1976-01-12,38.61,43.2,56.0,5.0,MS,Van,1976
253,1976-03-25,41.01,42.97,25.0,5.1,MS,Ardahan,1976
254,1975-09-06,38.5132,40.7741,31.9,6.6,MS,Diyarbakir,1975
255,1975-03-27,40.422,26.147,3.3,5.5,mb,Edirne,1975
256,1975-03-17,40.475,26.118,2.0,5.9,MS,Edirne,1975
257,1975-04-30,36.266,30.769,62.2,5.0,MS,Balikesir,1975
258,1975-09-06,38.444,40.84,50.0,5.0,MS,Diyarbakir,1975
259,1974-02-01,38.548,27.283,11.3,5.2,mb,Izmir,1974
260,1972-03-14,39.325,29.497,41.4,5.5,MS,Kutahya,1972
261,1972-04-26,39.451,26.383000000000006,11.0,5.0,MS,Canakkale,1972
262,1971-05-12,37.526,29.749,29.8,5.3,mb,Burdur,1971
263,1971-09-09,37.301,30.206,52.0,5.2,mb,Antalya,1971
264,1971-05-22,38.85,40.52,3.0,6.8,MS,Bingol,1971
265,1971-02-23,39.62300000000001,27.343000000000004,10.4,5.4,MS,Balikesir,1971
266,1971-06-29,37.133,36.856,40.8,5.5,MS,Gaziantep,1971
267,1971-05-25,39.026,29.73,11.8,5.5,MS,Kutahya,1971
268,1971-05-12,37.524,29.668000000000006,11.1,5.2,MS,Burdur,1971
269,1971-11-06,39.046,29.744,30.9,5.0,mb,Kutahya,1971
270,1971-07-11,37.16,36.832,7.1,5.8,MS,Gaziantep,1971
271,1971-05-12,37.56,29.747,26.8,5.9,MS,Burdur,1971
272,1970-12-30,36.96,28.94,23.0,5.1,mb,Mugla,1970
273,1970-01-26,37.0,28.5,10.0,5.1,mb,Mugla,1970
274,1970-03-28,39.15,29.56,31.0,5.2,MS,Kutahya,1970
275,1970-03-28,38.9,29.7,33.0,5.1,MS,Usak,1970
276,1970-04-23,39.124,28.671,35.0,5.3,MS,Kutahya,1970
277,1970-05-14,39.02,29.1,38.0,5.1,mb,Kutahya,1970
278,1970-03-28,39.047,29.759,30.7,5.1,MS,Kutahya,1970
279,1970-03-28,39.21,29.51,18.0,7.2,MS,Kutahya,1970
280,1970-03-20,36.9,33.5,33.0,5.5,mb,Mersin,1970
281,1970-04-19,38.986,29.829,17.6,5.5,MS,Kutahya,1970
282,1970-09-03,39.575,38.809,9.3,5.3,MS,Erzincan,1970
283,1970-04-07,39.344,29.266,35.2,5.1,MS,Kutahya,1970
284,1970-04-06,39.19,28.54,33.0,5.1,mb,Balikesir,1970
285,1970-04-02,38.9,29.6,41.0,5.1,mb,Usak,1970
286,1970-04-19,38.982,29.767,14.8,5.6,MS,Kutahya,1970
287,1970-11-11,35.99,28.24,35.0,5.1,MS,Balikesir,1970
288,1970-04-24,39.01,29.7,44.0,5.3,mb,Kutahya,1970
289,1970-03-29,39.047,29.738000000000003,39.6,5.1,MS,Kutahya,1970
290,1970-04-16,38.99800000000001,29.911,36.1,5.2,MS,Kutahya,1970
291,1970-03-28,39.5,30.3,33.0,5.3,MS,Kutahya,1970
292,1970-04-19,39.6,30.7,33.0,5.3,MS,Balikesir,1970
293,1970-03-31,39.12,29.16,43.0,5.0,mb,Kutahya,1970
294,1970-03-30,39.298,29.268,7.8,5.0,MS,Kutahya,1970
295,1970-05-12,38.6,29.3,33.0,5.0,mb,Usak,1970
296,1970-04-19,40.0,30.9,33.0,5.0,MS,Balikesir,1970
297,1969-04-30,39.14,28.547,14.5,5.2,MS,Balikesir,1969
298,1969-03-23,37.9,27.6,33.0,5.0,MS,Aydin,1969
299,1969-03-23,39.12300000000001,28.491,15.2,5.6,MS,Manisa,1969
300,1969-09-06,36.752,28.274,68.3,5.0,mb,Mugla,1969
301,1969-03-28,38.55,28.46,4.0,6.5,MS,Manisa,1969
302,1969-03-04,36.98,31.04,109.0,5.2,MS,Antalya,1969
303,1969-01-14,36.11,29.19,22.0,6.2,MS,Erzurum,1969
304,1969-03-03,40.048,27.536,10.1,5.3,MS,Balikesir,1969
305,1969-03-25,39.25,28.44,37.0,6.0,MS,Balikesir,1969
306,1969-04-06,38.467,26.444000000000006,15.2,5.5,MS,Izmir,1969
307,1969-03-24,39.094,28.498,30.2,5.0,MS,Manisa,1969
308,1969-10-07,39.2,28.4,13.0,5.1,MS,Balikesir,1969
309,1969-09-10,39.244,41.448,35.0,5.3,MS,Mus,1969
310,1969-12-22,40.6,34.2,33.0,5.1,mb,Corum,1969
311,1968-09-25,39.221,40.307,47.6,5.0,mb,Bingol,1968
312,1968-10-30,37.971,38.587,2.8,5.0,mb,Adiyaman,1968
313,1968-06-11,38.15,42.85,53.0,5.1,MS,Van,1968
314,1968-09-03,41.81,32.39,5.0,6.5,MS,Bartin,1968
315,1968-03-28,38.1,31.0,10.0,5.0,mb,Isparta,1968
316,1968-09-24,39.189,40.319,11.8,5.0,mb,Bingol,1968
317,1968-02-19,39.8,26.4,10.0,5.2,mb,Canakkale,1968
318,1967-07-26,39.5,40.3,10.0,6.0,MS,Bingol,1967
319,1967-01-30,39.41,41.49,76.0,5.0,MS,Erzurum,1967
320,1967-07-22,40.67,30.69,33.0,6.8,MS,Sakarya,1967
321,1967-07-22,40.7,30.8,6.0,5.2,mb,Sakarya,1967
322,1967-07-22,40.74800000000001,30.555,37.3,5.1,mb,Sakarya,1967
323,1967-06-23,40.831,33.611,5.4,5.1,mb,Cankiri,1967
324,1967-07-22,40.66,30.62,26.0,5.1,MS,Sakarya,1967
325,1967-07-30,40.697,30.549,14.7,5.4,mb,Sakarya,1967
326,1967-06-01,36.825,29.331,39.9,5.0,mb,Mugla,1967
327,1967-10-26,37.25,29.112,49.3,5.0,mb,Denizli,1967
328,1966-08-19,39.31,41.192,35.0,5.0,mb,Mus,1966
329,1966-04-27,38.14,42.52,28.0,5.1,MS,Bitlis,1966
330,1966-12-10,41.09,33.56,13.0,5.2,MS,Kastamonu,1966
331,1966-08-19,39.41,41.3,62.0,5.3,MS,Erzurum,1966
332,1966-08-20,39.42,40.98,14.0,6.2,MS,Bingol,1966
333,1966-08-20,38.82,41.49,47.0,5.0,MS,Mus,1966
334,1966-05-07,37.79,27.754,44.2,5.0,mb,Aydin,1966
335,1966-05-09,37.05,30.98,132.0,5.0,MS,Antalya,1966
336,1966-08-19,38.999,41.75899999999999,35.0,5.2,mb,Mus,1966
337,1966-05-04,37.74,27.71,37.0,5.2,MS,Aydin,1966
338,1966-08-19,39.17,41.56,26.0,6.9,MS,Mus,1966
339,1966-08-20,39.165,40.762,18.7,5.4,mb,Bingol,1966
340,1966-09-25,37.77,29.97,44.0,5.2,MS,Burdur,1966
341,1966-03-07,39.174,41.602,35.0,5.2,mb,Mus,1966
342,1965-08-31,39.346,40.792,5.6,5.1,mb,Bingol,1965
343,1965-06-28,38.0,41.3,33.0,5.1,mb,Batman,1965
344,1965-08-23,40.436,26.136,16.0,5.2,mb,Edirne,1965
345,1965-03-26,36.82,30.94,111.0,5.2,MS,Balikesir,1965
346,1965-03-02,38.451,28.286,41.0,5.0,mb,Manisa,1965
347,1965-06-13,37.778,29.314,36.6,5.1,mb,Denizli,1965
348,1964-10-06,40.3,28.23,34.0,7.0,MS,Bursa,1964
349,1964-04-23,38.09,38.75,57.0,5.0,mb,Malatya,1964
350,1964-06-14,38.13,38.51,3.0,6.0,MS,Adiyaman,1964
351,1964-01-30,37.401,29.931,56.2,5.3,mb,Burdur,1964
352,1964-10-06,40.186,28.153,28.1,5.4,mb,Bursa,1964
353,1963-03-11,37.96,29.14,40.0,5.5,MS,Denizli,1963
354,1963-07-26,36.84,28.76,80.0,5.1,MS,Mugla,1963
355,1963-04-22,41.37,38.75,60.0,5.4,MS,Balikesir,1963
356,1963-03-29,40.29,26.15,50.0,5.1,MS,Canakkale,1963
357,1963-09-18,40.77,29.12,40.0,6.3,MS,Istanbul,1963
358,1962-09-04,39.96,44.13,40.0,5.3,MS,Igdir,1962
359,1961-06-01,37.65,36.76,40.0,5.0,MS,Kahramanmaras,1961
360,1961-06-21,37.87,28.77,60.0,5.0,MS,Denizli,1961
361,1961-05-23,36.7,28.49,70.0,6.3,MS,Mugla,1961
362,1961-11-28,39.99,26.1,80.0,5.2,MS,Canakkale,1961
363,1961-03-28,39.82,30.19,10.0,5.0,MS,Balikesir,1961
364,1960-01-26,37.0,28.93,72.0,5.2,MS,Mugla,1960
365,1960-01-26,40.19,38.75,20.0,5.9,MS,Giresun,1960
366,1959-09-10,39.64,41.73,70.0,5.3,MS,Erzurum,1959
367,1959-07-26,40.91,27.54,10.0,5.4,MS,Tekirdag,1959
368,1959-04-25,36.94,28.58,30.0,5.9,MS,Mugla,1959
369,1959-04-25,36.92,28.6,40.0,5.3,MS,Mugla,1959
370,1959-01-26,36.78,29.02,47.0,5.0,MS,Mugla,1959
371,1959-11-19,38.89,26.65,10.0,5.3,MS,Izmir,1959
372,1959-10-25,39.25,41.63,50.0,5.0,MS,Erzurum,1959
373,1959-12-08,36.91,29.07,70.0,5.0,MS,Mugla,1959
374,1958-05-09,36.61,27.6,67.0,5.2,MS,Mugla,1958
375,1958-01-14,39.48,40.41,60.0,5.1,MS,Bingol,1958
376,1957-05-26,40.67,31.0,10.0,7.1,MS,Duzce,1957
377,1957-06-01,40.75,30.86,50.0,5.0,MS,Duzce,1957
378,1957-02-05,36.37,28.88,60.0,5.2,MS,Mugla,1957
379,1957-04-25,36.12,28.6,10.0,5.0,MS,Balikesir,1957
380,1957-07-07,39.37,40.46,60.0,5.1,MS,Bingol,1957
381,1957-05-27,40.73,30.95,50.0,5.8,MS,Duzce,1957
382,1957-04-26,36.22,28.87,50.0,5.9,MS,Balikesir,1957
383,1957-04-24,36.43,28.63,80.0,6.8,MS,Erzurum,1957
384,1957-05-26,41.34,30.7,100.0,5.1,MS,Balikesir,1957
385,1957-05-26,40.6,30.74,40.0,5.4,MS,Sakarya,1957
386,1957-04-25,36.42,28.68,80.0,7.1,MS,Mugla,1957
387,1957-05-26,40.76,30.81,10.0,5.9,MS,Sakarya,1957
388,1957-12-26,40.83,29.72,10.0,5.2,MS,Kocaeli,1957
389,1957-09-21,40.75,34.02,40.0,5.1,MS,Cankiri,1957
390,1956-09-16,35.91,25.97,40.0,5.0,MS,Balikesir,1956
391,1956-02-20,39.89,30.49,40.0,6.4,MS,Kozkayi Mahallesi,1956
392,1956-01-06,40.39,26.29,10.0,5.5,MS,Canakkale,1956
393,1956-02-23,39.76,30.17,60.0,5.2,MS,Balikesir,1956
394,1955-07-16,37.65,27.26,40.0,6.8,MS,Aydin,1955
395,1955-08-28,37.4,27.16,20.0,5.3,MS,Aydin,1955
396,1954-03-23,40.58,27.12,10.0,5.1,MS,Tekirdag,1954
397,1954-03-28,39.03,40.97,10.0,5.4,MS,Bingol,1954
398,1953-03-18,39.99,27.36,10.0,7.2,MS,Canakkale,1953
399,1953-05-02,38.51,26.55,60.0,5.1,MS,Izmir,1953
400,1953-07-22,39.24,28.43,10.0,5.2,MS,Balikesir,1953
401,1953-06-18,41.8,26.55,30.0,5.1,MS,Edirne,1953
402,1953-03-24,37.02,37.0,10.0,5.0,MS,Kilis,1953
403,1953-05-02,38.48,26.67,40.0,5.0,MS,Izmir,1953
404,1953-03-23,39.37,41.28,50.0,5.0,MS,Erzurum,1953
405,1953-03-19,39.88,27.35,10.0,5.0,MS,Balikesir,1953
406,1953-06-03,40.28,28.53,20.0,5.3,MS,Bursa,1953
407,1953-03-18,40.0,27.4,30.0,5.0,MS,Canakkale,1953
408,1953-09-07,41.09,33.01,40.0,6.0,MS,Karabuk,1953
409,1953-03-18,39.96,27.59,30.0,5.4,MS,Balikesir,1953
410,1952-03-19,39.6,28.64,40.0,5.4,MS,Balikesir,1952
411,1952-10-22,37.25,35.65,70.0,5.6,MS,Adana,1952
412,1952-10-22,36.83,27.6,40.0,5.2,MS,Mugla,1952
413,1952-01-03,39.95,41.67,40.0,5.8,MS,Erzurum,1952
414,1951-09-15,40.15,28.02,40.0,5.0,MS,Balikesir,1951
415,1951-11-05,36.0,29.0,10.0,5.2,MS,Balikesir,1951
416,1951-08-13,40.88,32.87,10.0,6.9,MS,Cankiri,1951
417,1951-04-08,36.58,35.85,50.0,5.8,MS,Balikesir,1951
418,1950-11-08,38.27,39.16,50.0,5.2,MS,Diyarbakir,1950
419,1950-05-09,38.24,38.32,70.0,5.0,MS,Malatya,1950
420,1950-11-28,39.73,28.05,40.0,5.1,MS,Balikesir,1950
421,1949-11-23,38.75,26.36,60.0,5.2,MS,Izmir,1949
422,1949-08-17,39.58,40.57,60.0,5.2,MS,Erzincan,1949
423,1949-07-23,38.57,26.29,10.0,6.6,MS,Izmir,1949
424,1949-08-17,39.6,40.6,10.0,5.3,MS,Erzincan,1949
425,1949-08-17,39.57,40.62,40.0,6.7,MS,Erzincan,1949
426,1949-02-05,39.89,29.35,40.0,5.0,MS,Bursa,1949
427,1949-05-13,40.94,32.71,20.0,5.1,MS,Karabuk,1949
428,1949-04-25,38.27,38.99,80.0,5.3,MS,Malatya,1949
429,1948-04-30,36.05,31.14,80.0,5.8,MS,Balikesir,1948
430,1948-11-13,40.23,29.02,60.0,5.6,MS,Bursa,1948
431,1948-08-18,38.51,39.25,10.0,5.0,MS,Elazig,1948
432,1947-04-19,37.8,43.31,40.0,5.0,MS,Van,1947
433,1947-12-09,36.52,34.34,10.0,5.6,MS,Mersin,1947
434,1946-01-21,41.05,33.48,60.0,5.0,MS,Cankiri,1946
435,1946-05-31,39.29,41.21,60.0,5.9,MS,Mus,1946
436,1946-02-21,38.24,31.79,60.0,5.5,MS,Konya,1946
437,1946-07-16,38.63,31.15,40.0,5.1,MS,Balikesir,1946
438,1945-10-26,41.54,33.29,50.0,5.7,MS,Kastamonu,1945
439,1945-01-15,38.4,44.2,32.0,5.1,MS,Van,1945
440,1945-03-20,37.11,35.7,60.0,6.0,MS,Adana,1945
441,1945-11-20,38.63,43.33,10.0,5.2,MS,Van,1945
442,1945-06-07,41.17,33.25,10.0,5.2,MS,Kastamonu,1945
443,1945-03-08,41.85,32.44,10.0,5.0,MS,Bartin,1945
444,1945-03-02,41.2,33.4,10.0,5.6,MS,Kastamonu,1945
445,1944-04-05,40.84,31.12,10.0,5.5,MS,Duzce,1944
446,1944-02-02,40.74,31.44,40.0,5.1,MS,Bolu,1944
447,1944-02-01,40.7,31.27,10.0,5.0,MS,Duzce,1944
448,1944-01-02,41.0,33.7,10.0,5.0,MS,Cankiri,1944
449,1944-10-06,39.48,26.56,40.0,6.8,MS,Canakkale,1944
450,1944-02-01,40.9,32.6,10.0,7.3,MS,Karabuk,1944
451,1944-06-25,38.97,29.87,40.0,5.5,MS,Kutahya,1944
452,1944-06-25,38.79,29.31,40.0,6.0,MS,Usak,1944
453,1944-10-18,40.89,33.47,10.0,5.2,MS,Cankiri,1944
454,1944-09-30,41.11,34.87,10.0,5.5,MS,Corum,1944
455,1944-02-01,41.4,32.7,10.0,5.3,MS,Karabuk,1944
456,1944-02-10,41.0,32.3,10.0,5.3,MS,Bolu,1944
457,1943-04-14,39.62,29.64,40.0,5.0,MS,Kutahya,1943
458,1943-06-20,40.84,30.73,10.0,5.5,MS,Sakarya,1943
459,1943-11-20,36.55,28.36,35.0,5.5,MS,Balikesir,1943
460,1943-11-26,41.05,33.72,10.0,7.2,MS,Cankiri,1943
461,1943-06-20,40.85,30.51,10.0,6.6,MS,Sakarya,1943
462,1943-11-15,36.81,28.84,83.0,5.2,MS,Mugla,1943
463,1942-11-15,39.55,28.58,10.0,6.1,MS,Balikesir,1942
464,1942-12-20,40.87,36.47,10.0,7.0,MS,Tokat,1942
465,1942-10-28,39.46,27.79,10.0,5.5,MS,Balikesir,1942
466,1942-11-21,40.82,34.44,80.0,5.5,MS,Corum,1942
467,1942-06-16,40.8,27.8,20.0,5.6,MS,Tekirdag,1942
468,1942-12-02,41.04,34.88,20.0,5.4,MS,Corum,1942
469,1942-10-28,39.1,27.8,50.0,6.0,MS,Manisa,1942
470,1942-12-11,40.76,34.83,40.0,5.9,MS,Corum,1942
471,1942-10-28,39.27,28.19,10.0,5.4,MS,Balikesir,1942
472,1942-02-05,38.84,27.74,10.0,5.4,MS,Manisa,1942
473,1941-11-12,39.74,39.43,70.0,5.9,MS,Erzincan,1941
474,1941-05-23,37.07,28.21,40.0,6.0,MS,Mugla,1941
475,1941-04-27,40.0,35.5,35.0,5.6,MS,Yozgat,1941
476,1941-09-10,39.5,43.0,35.0,6.0,MS,Agri,1941
477,1941-11-08,39.7,39.7,10.0,5.5,MS,Erzincan,1941
478,1941-12-13,37.0,28.0,100.0,6.0,MS,Mugla,1941
479,1941-05-23,37.22,28.35,48.0,5.2,MS,Mugla,1941
480,1941-12-02,37.5,41.0,10.0,5.0,MS,Mardin,1941
481,1941-01-09,38.03,27.4,70.0,5.2,MS,Izmir,1941
482,1941-09-21,37.5,28.29,70.0,5.3,MS,Mugla,1941
483,1941-05-23,37.13,28.38,40.0,5.3,MS,Mugla,1941
484,1940-07-30,39.75,35.5,35.0,6.2,MS,Yozgat,1940
485,1940-10-18,39.6,42.2,15.0,5.6,MS,Erzurum,1940
486,1940-02-21,38.4,35.3,10.0,5.2,MS,Kayseri,1940
487,1940-04-22,39.62,39.89,20.0,5.2,MS,Erzincan,1940
488,1940-04-13,40.04,35.2,30.0,5.6,MS,Yozgat,1940
489,1940-12-20,38.3,38.3,10.0,5.8,MS,Malatya,1940
490,1939-12-26,39.8,39.51,20.0,7.9,MS,Erzincan,1939
491,1939-08-02,39.75,29.48,50.0,5.3,MS,Kutahya,1939
492,1939-12-28,40.47,37.0,40.0,5.7,MS,Tokat,1939
493,1939-09-15,39.75,30.25,35.0,5.6,MS,Satilmisoglu Mahallesi,1939
494,1939-09-22,39.07,26.94,10.0,6.6,MS,Izmir,1939
495,1939-12-27,39.99,38.14,50.0,5.5,MS,Sivas,1939
496,1939-08-03,39.75,29.68,50.0,5.5,MS,Kutahya,1939
497,1939-01-02,36.3,30.7,10.0,5.3,MS,Balikesir,1939
498,1939-10-19,39.82,29.5,10.0,5.3,MS,Kutahya,1939
499,1939-07-25,39.75,29.52,50.0,5.2,MS,Kutahya,1939
500,1939-03-13,36.0,29.0,15.0,5.0,MS,Balikesir,1939
501,1939-11-21,39.82,39.71,80.0,5.9,MS,Erzincan,1939
502,1939-08-09,39.91,29.81,60.0,5.1,MS,Bilecik,1939
503,1938-04-19,39.44,33.79,10.0,6.6,MS,Kirsehir,1938
504,1938-05-31,40.9,33.73,10.0,5.1,MS,Cankiri,1938
505,1938-04-19,39.65,33.87,30.0,5.0,MS,Kirikkale,1938
506,1938-07-02,40.17,27.88,10.0,5.0,MS,Balikesir,1938
507,1938-07-21,39.56,33.68,10.0,5.0,MS,Kirikkale,1938
508,1937-05-29,36.29,31.05,100.0,5.0,MS,Balikesir,1937
509,1937-04-28,35.91,30.94,100.0,5.0,MS,Balikesir,1937
510,1937-05-23,38.69,27.78,10.0,5.4,MS,Manisa,1937
511,1936-06-14,36.64,35.85,70.0,5.5,MS,Adana,1936
512,1936-05-02,39.8,43.5,10.0,5.0,MS,Agri,1936
513,1936-08-12,37.44,29.44,130.0,5.0,MS,Denizli,1936
514,1936-09-21,41.21,33.53,20.0,5.1,MS,Kastamonu,1936
515,1936-11-18,41.25,33.33,10.0,5.4,MS,Kastamonu,1936
516,1936-05-01,39.6,43.1,10.0,5.6,MS,Agri,1936
517,1935-01-04,40.25,27.5,35.0,6.2,MS,Balikesir,1935
518,1935-08-18,39.6,43.1,10.0,5.0,MS,Agri,1935
519,1935-10-22,40.31,27.21,10.0,5.2,MS,Canakkale,1935
520,1935-01-04,40.25,27.5,35.0,6.0,MS,Balikesir,1935
521,1935-10-13,39.35,40.52,40.0,5.0,MS,Bingol,1935
522,1935-05-01,39.5,43.0,35.0,6.0,MS,Agri,1935
523,1934-11-12,38.54,41.0,50.0,5.9,MS,Diyarbakir,1934
524,1934-06-19,37.86,31.13,50.0,5.3,MS,Isparta,1934
525,1933-09-25,37.0,35.5,10.0,5.0,MS,Adana,1933
526,1933-07-19,38.19,29.79,40.0,5.7,MS,Denizli,1933
527,1932-12-26,36.9,34.73,60.0,5.2,MS,Mersin,1932
528,1932-12-07,36.71,27.33,60.0,5.0,MS,Mugla,1932
529,1932-03-15,39.7,44.0,15.0,5.3,MS,Agri,1932
530,1931-01-12,38.5,31.9,10.0,5.0,MS,Konya,1931
531,1931-07-12,39.5,26.0,35.0,5.6,MS,Canakkale,1931
532,1931-01-12,38.47,31.8,20.0,5.0,MS,Konya,1931
533,1931-05-06,37.5,39.5,10.0,5.0,MS,Sanliurfa,1931
534,1930-09-11,37.39,31.18,80.0,5.9,MS,Isparta,1930
535,1930-04-09,39.7,34.0,10.0,5.0,MS,Kirikkale,1930
536,1930-04-09,39.55,39.26,10.0,5.0,MS,Erzincan,1930
537,1930-12-10,39.72,39.24,30.0,5.6,MS,Erzincan,1930
538,1930-02-08,38.52,39.4,100.0,5.1,MS,Elazig,1930
539,1930-05-06,37.21,44.57,10.0,5.5,MS,Hakkari,1930
540,1929-05-18,40.2,37.9,10.0,6.1,MS,Sivas,1929
541,1929-09-15,40.25,38.76,50.0,5.0,MS,Giresun,1929
542,1928-07-15,38.05,27.32,10.0,5.5,MS,Izmir,1928
543,1928-05-06,39.8,30.5,12.0,5.0,MS,Balikesir,1928
544,1928-05-02,39.64,29.14,10.0,6.1,MS,Bursa,1928
545,1928-03-31,38.0,27.0,35.0,6.2,MS,Izmir,1928
546,1928-10-03,40.47,33.42,70.0,5.0,MS,Cankiri,1928
547,1928-01-24,40.99,30.86,10.0,5.3,MS,Sakarya,1928
548,1928-10-04,40.22,33.67,10.0,5.7,MS,Kirikkale,1928
549,1928-03-31,38.1,27.4,10.0,5.2,MS,Izmir,1928
550,1927-02-07,39.0,31.0,15.0,5.2,MS,Afyonkarahisar,1927
551,1927-06-05,36.19,31.08,10.0,5.5,MS,Balikesir,1927
552,1926-03-17,37.0,35.0,10.0,5.5,MS,Mersin,1926
553,1926-03-03,37.0,29.4,10.0,5.0,MS,Burdur,1926
554,1926-10-22,40.7,43.7,8.0,5.2,MS,Kars,1926
555,1926-01-13,38.53,28.19,10.0,5.7,MS,Manisa,1926
556,1926-03-01,37.03,29.43,50.0,6.1,MS,Burdur,1926
557,1926-01-13,38.64,28.11,50.0,5.8,MS,Manisa,1926
558,1926-12-16,40.13,30.72,10.0,5.7,MS,Balikesir,1926
559,1925-09-01,37.56,29.17,130.0,5.4,MS,Denizli,1925
560,1925-08-16,38.0,30.0,15.0,5.1,MS,Balikesir,1925
561,1925-08-07,38.1,29.8,20.0,5.9,MS,Denizli,1925
562,1925-08-05,38.1,29.8,10.0,5.0,MS,Denizli,1925
563,1925-03-12,40.0,42.0,10.0,5.0,MS,Erzurum,1925
564,1925-12-18,37.4,30.4,15.0,5.1,MS,Burdur,1925
565,1924-12-22,39.6,27.7,15.0,5.4,MS,Balikesir,1924
566,1924-11-20,38.55,30.78,10.0,5.9,MS,Balikesir,1924
567,1924-09-13,40.24,41.94,10.0,5.1,MS,Erzurum,1924
568,1924-09-13,39.96,41.94,10.0,6.8,MS,Erzurum,1924
569,1924-09-27,39.92,41.47,10.0,5.0,MS,Erzurum,1924
570,1924-01-22,39.51,28.4,80.0,5.3,MS,Balikesir,1924
571,1924-09-10,36.84,31.49,30.0,5.0,MS,Antalya,1924
572,1924-05-13,40.0,42.0,30.0,5.3,MS,Erzurum,1924
